email,des_alumno,des_curso_canonico,des_curso,num_edicion,id_curso,id_profesor,des_profesor,pct_avance,fec_matricula,flg_matriculado,mnt_pagado_curso,fec_ultimo_pago,flg_pago,flg_tiene_cuenta,flg_curso_existe,des_alerta
angelo78107102@gmail.com,ANGELO JUAN SANCHEZ FLORES,SQL for Data Engineer,(curso no existe en la plataforma),,,,(sin asignar),,,False,179.0,2026-07-20 13:06:41.000000,True,True,False,ALERTA: curso pagado no existe en la plataforma
alexanderjorgecastillo20@gmail.com,Alexander Jorge Castillo,SQL for Data Engineer,(curso no existe en la plataforma),,,,(sin asignar),,,False,169.0,2026-07-29 20:49:26.816980,True,True,False,ALERTA: curso pagado no existe en la plataforma
angiemanzanoj@gmail.com,Angie Nicole Manzano Jimenez,SQL for Data Engineer,(curso no existe en la plataforma),,,,(sin asignar),,,False,149.0,2026-08-05 04:14:45.229650,True,True,False,ALERTA: curso pagado no existe en la plataforma
emmanuel010802@gmail.com,Carlos Emmanuel Espinoza,SQL for Data Engineer,(curso no existe en la plataforma),,,,(sin asignar),,,False,50.0,2026-08-18 01:17:37.835383,True,False,False,ALERTA: curso pagado no existe en la plataforma
daviiidramirezrosales@gmail.com,David Gianfranco Ramirez Rosales,SQL for Data Engineer,(curso no existe en la plataforma),,,,(sin asignar),,,False,169.0,2026-07-08 19:56:02.000000,True,True,False,ALERTA: curso pagado no existe en la plataforma
guimarespettia@gmail.com,Guimar Alan Julian Espettia Salazar,(sin especificar),(curso no existe en la plataforma),,,,(sin asignar),,,False,50.0,2026-08-17 17:09:34.617202,True,False,False,ALERTA: curso pagado no existe en la plataforma
jorgeauccaccollatupa@gmail.com,Jorge luis Aucca Ccollatupa,SQL for Data Engineer,(curso no existe en la plataforma),,,,(sin asignar),,,False,159.0,2026-07-29 21:39:52.995913,True,True,False,ALERTA: curso pagado no existe en la plataforma
kenji.huanca@gmail.com,KENJI ANTHONY HUANCA MAYTAN,SQL for Data Engineer,(curso no existe en la plataforma),,,,(sin asignar),,,False,159.0,2026-08-06 04:16:02.817639,True,True,False,ALERTA: curso pagado no existe en la plataforma
arathhh123@gmail.com,Martin Arath Taboada Rivera,SQL for Data Engineer,(curso no existe en la plataforma),,,,(sin asignar),,,False,169.0,2026-07-11 14:20:13.000000,True,True,False,ALERTA: curso pagado no existe en la plataforma
nathyraez@gmail.com,Nathaly Rossy Raez Chirinos,SQL for Data Engineer,(curso no existe en la plataforma),,,,(sin asignar),,,False,129.0,2026-08-06 23:59:56.003699,True,True,False,ALERTA: curso pagado no existe en la plataforma
palominoleongino@gmail.com,gino alonzo palomino leon,SQL for Data Engineer,(curso no existe en la plataforma),,,,(sin asignar),,,False,279.0,2026-08-02 05:07:06.462831,True,True,False,ALERTA: curso pagado no existe en la plataforma
jsaldarriagajauregui@gmail.com,José Angel Saldarriaga Jauregui,Python for Data Analyst,3ERA EDICION| Python for data Analyst,,,,Jhon Velasque,,,False,124.25,2026-07-30 23:57:30.993501,True,True,True,ALERTA: pago sin matricula
salvadorkelly72@gmail.com,Kelly Alessandra Salvador Cahuana,Python for Data Analyst,3ERA EDICION| Python for data Analyst,,,,Jhon Velasque,,,False,169.0,2026-08-16 21:16:30.327708,True,True,True,ALERTA: pago sin matricula
mateopieroaldair@gmail.com,Piero Aldair Mateo Tito,Python for Data Analyst,3ERA EDICION| Python for data Analyst,,,,Jhon Velasque,,,False,159.5,2026-07-28 01:59:19.532587,True,True,True,ALERTA: pago sin matricula
jeanvelasque75@gmail.com,jhon carlos jea paul velasque,Python for Data Analyst,3ERA EDICION| Python for data Analyst,,,,Jhon Velasque,,,False,0.0,2026-07-26 16:53:24.746566,True,True,True,ALERTA: pago sin matricula
kaisamedinag@gmail.com,Especialización de Data Analyst,Python for Data Analyst,3ERA EDICION| Python for data Analyst,3.0,5bc34270-030a-4e8e-903b-1225604dbd13,a69513b4-f4f1-470e-bf71-2d4036543c19,Jhon Velasque,0.0,2026-07-31 03:00:47.851296,True,,,False,True,True,AVISO: matriculado sin pago registrado
oscar19vr@gmail.com,OSCAR MIJAIL VERA ROJAS,Python for Data Analyst,3ERA EDICION| Python for data Analyst,3.0,5bc34270-030a-4e8e-903b-1225604dbd13,a69513b4-f4f1-470e-bf71-2d4036543c19,Jhon Velasque,0.0,2026-07-30 14:22:50.920341,True,,,False,True,True,AVISO: matriculado sin pago registrado
estudiante1@gmail.com,estudiante1 ,Python for Data Analyst,3ERA EDICION| Python for data Analyst,3.0,5bc34270-030a-4e8e-903b-1225604dbd13,a69513b4-f4f1-470e-bf71-2d4036543c19,Jhon Velasque,0.0,2026-08-02 22:33:43.836636,True,,,False,True,True,AVISO: matriculado sin pago registrado
drfreddy90@gmail.com,Sebastian,Python for Data Analyst,3ERA EDICION| Python for data Analyst,,,,Jhon Velasque,,,False,0.0,2026-07-26 20:24:27.814921,True,False,True,CRITICO: pago sin cuenta ni matricula
merinojames@hotmail.com,James Rolando Merino Colcas,Python for Data Analyst,3ERA EDICION| Python for data Analyst,3.0,5bc34270-030a-4e8e-903b-1225604dbd13,a69513b4-f4f1-470e-bf71-2d4036543c19,Jhon Velasque,0.0,2026-07-29 18:00:09.437703,True,149.0,2026-07-25 23:23:15.000000,True,True,True,OK
yampiermq07@gmail.com,Yampier Marcelo Quispe,Python for Data Analyst,3ERA EDICION| Python for data Analyst,3.0,5bc34270-030a-4e8e-903b-1225604dbd13,a69513b4-f4f1-470e-bf71-2d4036543c19,Jhon Velasque,0.0,2026-07-29 18:00:19.163256,True,50.0,2026-07-29 20:49:26.816980,True,True,True,OK
gian99d@gmail.com,Gian Carlos Javier Ruiz Lopez,Excel for Data Analyst,4 EDICION |Excel for Data Analyst,,,,daniel surichaque,,,False,252.33333333333334,2026-08-17 14:30:28.744647,True,True,True,ALERTA: pago sin matricula
nevermind.v4n@gmail.com,Vanessa Hualpa Baylon,Excel for Data Analyst,4 EDICION |Excel for Data Analyst,,,,daniel surichaque,,,False,159.0,2026-08-06 01:59:59.319085,True,True,True,ALERTA: pago sin matricula
hamed.98@gmail.com,Hamilton Medardo Huamán Tapia,Excel for Data Analyst,4 EDICION |Excel for Data Analyst,4.0,177735de-789d-42e7-900c-5f0466dead78,67405dc6-1848-462f-b9f6-3c8dd43e9fec,daniel surichaque,0.0,2026-08-01 21:03:51.706151,True,,,False,True,True,AVISO: matriculado sin pago registrado
luis.torre.tanta2003@gmail.com,Luis Enrique Torre Tanta,Excel for Data Analyst,4 EDICION |Excel for Data Analyst,4.0,177735de-789d-42e7-900c-5f0466dead78,67405dc6-1848-462f-b9f6-3c8dd43e9fec,daniel surichaque,0.0,2026-08-01 20:50:18.943172,True,,,False,True,True,AVISO: matriculado sin pago registrado
estudiante1@gmail.com,estudiante1 ,Excel for Data Analyst,4 EDICION |Excel for Data Analyst,4.0,177735de-789d-42e7-900c-5f0466dead78,67405dc6-1848-462f-b9f6-3c8dd43e9fec,daniel surichaque,13.0,2026-08-04 00:53:46.001087,True,,,False,True,True,AVISO: matriculado sin pago registrado
alejandrogabrielsorianopalo@gmail.com,Alejandro Gabriel Soriano Palomino,Excel for Data Analyst,4 EDICION |Excel for Data Analyst,,,,daniel surichaque,,,False,33.333333333333336,2026-08-18 00:29:59.558290,True,False,True,CRITICO: pago sin cuenta ni matricula
alexcercadomonroy@gmail.com,Alex Enrique Cercado Monroy,Excel for Data Analyst,4 EDICION |Excel for Data Analyst,,,,daniel surichaque,,,False,50.0,2026-07-28 01:52:07.399605,True,False,True,CRITICO: pago sin cuenta ni matricula
venegasalexander1c1302190@gmail.com,Alexander Adolfo Venegas Venegas,Excel for Data Analyst,4 EDICION |Excel for Data Analyst,,,,daniel surichaque,,,False,33.333333333333336,2026-08-17 19:09:36.738197,True,False,True,CRITICO: pago sin cuenta ni matricula
alejandrobarrialt@gmail.com,Carlos Alejandro Aranda Barrial,Excel for Data Analyst,4 EDICION |Excel for Data Analyst,,,,daniel surichaque,,,False,33.333333333333336,2026-08-15 17:41:34.463930,True,False,True,CRITICO: pago sin cuenta ni matricula
carol.mondragonm@gmail.com,Carol Valery Mondragón Moran,Excel for Data Analyst,4 EDICION |Excel for Data Analyst,,,,daniel surichaque,,,False,50.0,2026-07-29 20:49:26.816980,True,False,True,CRITICO: pago sin cuenta ni matricula
etar.218@gmail.com,Elvis Alfredo Tapia Rodriguez,Excel for Data Analyst,4 EDICION |Excel for Data Analyst,,,,daniel surichaque,,,False,33.333333333333336,2026-07-20 00:00:00.000000,True,False,True,CRITICO: pago sin cuenta ni matricula
hamed_ancel@hotmail.com,Hamilton Medardo Huamán Tapia,Excel for Data Analyst,4 EDICION |Excel for Data Analyst,,,,daniel surichaque,,,False,133.0,2026-08-01 21:03:06.151901,True,False,True,CRITICO: pago sin cuenta ni matricula
heygnersandoval@gmail.com,Heigner Jesus Sandoval Arrunategui,Excel for Data Analyst,4 EDICION |Excel for Data Analyst,,,,daniel surichaque,,,False,33.333333333333336,2026-08-18 00:49:02.026206,True,False,True,CRITICO: pago sin cuenta ni matricula
etorre.tanta@gmail.com,Luis Enrique Torre Tanta,Excel for Data Analyst,4 EDICION |Excel for Data Analyst,,,,daniel surichaque,,,False,119.66666666666666,2026-08-01 20:42:21.844750,True,False,True,CRITICO: pago sin cuenta ni matricula
latorrejaramillolf@gmail.com,Luis Fernando La Torre Jaramillo,Excel for Data Analyst,4 EDICION |Excel for Data Analyst,,,,daniel surichaque,,,False,33.333333333333336,2026-08-14 21:01:02.294336,True,False,True,CRITICO: pago sin cuenta ni matricula
mquintanalopez6@gmail.com,Miguel Angel Quintana Lopez,Excel for Data Analyst,4 EDICION |Excel for Data Analyst,,,,daniel surichaque,,,False,33.333333333333336,2026-07-16 00:00:00.000000,True,False,True,CRITICO: pago sin cuenta ni matricula
drfreddy90@gmail.com,Sebastian,Excel for Data Analyst,4 EDICION |Excel for Data Analyst,,,,daniel surichaque,,,False,133.0,2026-07-26 20:29:23.197247,True,False,True,CRITICO: pago sin cuenta ni matricula
alanrauljq17@gmail.com,Alan Raul Jiménez Quispe,Excel for Data Analyst,4 EDICION |Excel for Data Analyst,4.0,177735de-789d-42e7-900c-5f0466dead78,67405dc6-1848-462f-b9f6-3c8dd43e9fec,daniel surichaque,38.0,2026-07-29 04:11:40.382680,True,179.0,2026-07-30 00:51:48.912118,True,True,True,OK
alexcercado29@gmail.com,Alex Enrique Cercado Monroy,Excel for Data Analyst,4 EDICION |Excel for Data Analyst,4.0,177735de-789d-42e7-900c-5f0466dead78,67405dc6-1848-462f-b9f6-3c8dd43e9fec,daniel surichaque,0.0,2026-07-28 01:45:57.522225,True,114.5,2026-07-28 01:37:40.384346,True,True,True,OK
khaoz20624@gmail.com,Alexander Jeferson Arce Crisanto,Excel for Data Analyst,4 EDICION |Excel for Data Analyst,4.0,177735de-789d-42e7-900c-5f0466dead78,67405dc6-1848-462f-b9f6-3c8dd43e9fec,daniel surichaque,25.0,2026-07-29 03:42:04.076580,True,119.66666666666666,2026-07-29 02:46:24.453250,True,True,True,OK
alvaro.123zz46@gmail.com,Alvaro Aldahir Jimenez Huamani,Excel for Data Analyst,4 EDICION |Excel for Data Analyst,4.0,177735de-789d-42e7-900c-5f0466dead78,67405dc6-1848-462f-b9f6-3c8dd43e9fec,daniel surichaque,0.0,2026-08-02 20:37:51.817828,True,179.0,2026-08-02 20:36:42.738294,True,True,True,OK
quitoanccasiantonyrodrigo@gmail.com,Antony Rodrigo Quito Anccasi,Excel for Data Analyst,4 EDICION |Excel for Data Analyst,4.0,177735de-789d-42e7-900c-5f0466dead78,67405dc6-1848-462f-b9f6-3c8dd43e9fec,daniel surichaque,0.0,2026-07-31 03:05:24.408458,True,119.66666666666666,2026-07-31 03:01:23.967339,True,True,True,OK
christian.limayalb@gmail.com,Christian Alexander Limay Albarracin,Excel for Data Analyst,4 EDICION |Excel for Data Analyst,4.0,177735de-789d-42e7-900c-5f0466dead78,67405dc6-1848-462f-b9f6-3c8dd43e9fec,daniel surichaque,50.0,2026-08-03 23:22:41.091611,True,235.66666666666666,2026-08-03 23:18:45.779829,True,True,True,OK
cristhian.duran.cayetano@gmail.com,Cristhian Angel Duran Cayetano,Excel for Data Analyst,4 EDICION |Excel for Data Analyst,4.0,177735de-789d-42e7-900c-5f0466dead78,67405dc6-1848-462f-b9f6-3c8dd43e9fec,daniel surichaque,0.0,2026-08-01 17:52:51.348172,True,199.0,2026-07-18 08:37:28.000000,True,True,True,OK
cynthia134045@gmail.com,Cynthia Paola Falero Salazar,Excel for Data Analyst,4 EDICION |Excel for Data Analyst,4.0,177735de-789d-42e7-900c-5f0466dead78,67405dc6-1848-462f-b9f6-3c8dd43e9fec,daniel surichaque,0.0,2026-07-31 05:54:05.323676,True,119.66666666666666,2026-07-31 03:31:15.173250,True,True,True,OK
dnjarmass@gmail.com,DAMARIS NAJAR MASS,Excel for Data Analyst,4 EDICION |Excel for Data Analyst,4.0,177735de-789d-42e7-900c-5f0466dead78,67405dc6-1848-462f-b9f6-3c8dd43e9fec,daniel surichaque,25.0,2026-08-04 02:34:33.104438,True,179.0,2026-08-04 02:19:48.929500,True,True,True,OK
diegoagameroc@gmail.com,DIEGO ANDRÉS GAMERO COTRINA,Excel for Data Analyst,4 EDICION |Excel for Data Analyst,4.0,177735de-789d-42e7-900c-5f0466dead78,67405dc6-1848-462f-b9f6-3c8dd43e9fec,daniel surichaque,0.0,2026-07-29 18:19:55.553123,True,246.0,2026-07-21 22:34:05.000000,True,True,True,OK
danielvizcar@gmail.com,Daniel Vizcardo Cruz,Excel for Data Analyst,4 EDICION |Excel for Data Analyst,4.0,177735de-789d-42e7-900c-5f0466dead78,67405dc6-1848-462f-b9f6-3c8dd43e9fec,daniel surichaque,0.0,2026-08-01 21:11:25.856597,True,219.0,2026-08-01 21:09:18.426028,True,True,True,OK
cusidiego291@gmail.com,Diego Oswaldo Cusi Ccaihuari,Excel for Data Analyst,4 EDICION |Excel for Data Analyst,4.0,177735de-789d-42e7-900c-5f0466dead78,67405dc6-1848-462f-b9f6-3c8dd43e9fec,daniel surichaque,0.0,2026-08-10 14:08:10.640471,True,169.0,2026-07-21 08:35:51.999000,True,True,True,OK
eduardo.avalos.re@outlook.com,Eduardo Daniel Avalos Remon,Excel for Data Analyst,4 EDICION |Excel for Data Analyst,4.0,177735de-789d-42e7-900c-5f0466dead78,67405dc6-1848-462f-b9f6-3c8dd43e9fec,daniel surichaque,0.0,2026-08-01 04:36:21.025570,True,119.66666666666666,2026-08-01 04:28:25.925646,True,True,True,OK
e.edynina.h@gmail.com,Edy Enrique Nina Huillca,Excel for Data Analyst,4 EDICION |Excel for Data Analyst,4.0,177735de-789d-42e7-900c-5f0466dead78,67405dc6-1848-462f-b9f6-3c8dd43e9fec,daniel surichaque,0.0,2026-07-31 05:35:46.678655,True,202.33333333333334,2026-07-31 03:41:01.759243,True,True,True,OK
kaisamedinag@gmail.com,Especialización de Data Analyst,Excel for Data Analyst,4 EDICION |Excel for Data Analyst,4.0,177735de-789d-42e7-900c-5f0466dead78,67405dc6-1848-462f-b9f6-3c8dd43e9fec,daniel surichaque,25.0,2026-07-31 03:01:16.593634,True,252.33333333333334,2026-07-30 23:39:36.764268,True,True,True,OK
fernand0guzfer547@gmail.com,Fernando Jose Guzman Fernandez,Excel for Data Analyst,4 EDICION |Excel for Data Analyst,4.0,177735de-789d-42e7-900c-5f0466dead78,67405dc6-1848-462f-b9f6-3c8dd43e9fec,daniel surichaque,0.0,2026-07-28 03:01:12.553108,True,265.6666666666667,2026-07-28 02:58:10.433655,True,True,True,OK
henryelcr@gmail.com,HENRY GANBERTI SANTA CRUZ BRAMON,Excel for Data Analyst,4 EDICION |Excel for Data Analyst,4.0,177735de-789d-42e7-900c-5f0466dead78,67405dc6-1848-462f-b9f6-3c8dd43e9fec,daniel surichaque,0.0,2026-07-31 18:40:11.196513,True,159.5,2026-07-31 18:38:59.238453,True,True,True,OK
josevalebboy@gmail.com,JOSE ARMANDO VALERIANO QUISPE,Excel for Data Analyst,4 EDICION |Excel for Data Analyst,4.0,177735de-789d-42e7-900c-5f0466dead78,67405dc6-1848-462f-b9f6-3c8dd43e9fec,daniel surichaque,25.0,2026-08-04 03:36:59.963604,True,464.6666666666667,2026-07-20 23:14:27.000000,True,True,True,OK
valerajeanpier26@gmail.com,Jeanpier Michaelson Valera Yana,Excel for Data Analyst,4 EDICION |Excel for Data Analyst,4.0,177735de-789d-42e7-900c-5f0466dead78,67405dc6-1848-462f-b9f6-3c8dd43e9fec,daniel surichaque,0.0,2026-08-02 19:43:33.019907,True,99.0,2026-07-18 11:03:35.000000,True,True,True,OK
972847175campo@gmail.com,Joseluis Antonio Campo Bocanegra,Excel for Data Analyst,4 EDICION |Excel for Data Analyst,4.0,177735de-789d-42e7-900c-5f0466dead78,67405dc6-1848-462f-b9f6-3c8dd43e9fec,daniel surichaque,63.0,2026-08-03 20:15:17.300544,True,169.0,2026-07-12 21:46:11.000000,True,True,True,OK
jsaldarriagajauregui@gmail.com,José Angel Saldarriaga Jauregui,Excel for Data Analyst,4 EDICION |Excel for Data Analyst,4.0,177735de-789d-42e7-900c-5f0466dead78,67405dc6-1848-462f-b9f6-3c8dd43e9fec,daniel surichaque,63.0,2026-07-31 03:14:19.924376,True,157.58333333333334,2026-07-30 23:57:30.993501,True,True,True,OK
oliveraluis2112@gmail.com,Luis Enrique Olivera García,Excel for Data Analyst,4 EDICION |Excel for Data Analyst,4.0,177735de-789d-42e7-900c-5f0466dead78,67405dc6-1848-462f-b9f6-3c8dd43e9fec,daniel surichaque,13.0,2026-08-04 14:52:38.475214,True,252.33333333333334,2026-08-04 14:51:00.274747,True,True,True,OK
alfredchma@gmail.com,Mauricio Alfredo Choque Valdivia,Excel for Data Analyst,4 EDICION |Excel for Data Analyst,4.0,177735de-789d-42e7-900c-5f0466dead78,67405dc6-1848-462f-b9f6-3c8dd43e9fec,daniel surichaque,0.0,2026-08-05 20:15:09.735363,True,119.66666666666666,2026-08-02 20:15:22.175915,True,True,True,OK
merlinrojasa@gmail.com,Merlin Rojas Abanto,Excel for Data Analyst,4 EDICION |Excel for Data Analyst,4.0,177735de-789d-42e7-900c-5f0466dead78,67405dc6-1848-462f-b9f6-3c8dd43e9fec,daniel surichaque,0.0,2026-08-07 04:31:08.498166,True,252.33333333333334,2026-07-16 23:48:51.000000,True,True,True,OK
miguel.quintana2@unmsm.edu.pe,Miguel Angel Quintana Lopez,Excel for Data Analyst,4 EDICION |Excel for Data Analyst,4.0,177735de-789d-42e7-900c-5f0466dead78,67405dc6-1848-462f-b9f6-3c8dd43e9fec,daniel surichaque,0.0,2026-07-31 19:13:19.582827,True,86.33333333333333,2026-07-31 19:09:42.976814,True,True,True,OK
nicollemautino@gmail.com,Nicolle Esther Mautino Borja,Excel for Data Analyst,4 EDICION |Excel for Data Analyst,4.0,177735de-789d-42e7-900c-5f0466dead78,67405dc6-1848-462f-b9f6-3c8dd43e9fec,daniel surichaque,0.0,2026-07-28 01:58:35.966153,True,0.0,2026-07-16 23:48:44.000000,True,True,True,OK
oscar19vr@gmail.com,OSCAR MIJAIL VERA ROJAS,Excel for Data Analyst,4 EDICION |Excel for Data Analyst,4.0,177735de-789d-42e7-900c-5f0466dead78,67405dc6-1848-462f-b9f6-3c8dd43e9fec,daniel surichaque,13.0,2026-07-30 14:23:23.009208,True,119.66666666666666,2026-07-30 04:09:05.937713,True,True,True,OK
obed.chavez.c@uni.pe,Obed Andres Chavez Chambilla,Excel for Data Analyst,4 EDICION |Excel for Data Analyst,4.0,177735de-789d-42e7-900c-5f0466dead78,67405dc6-1848-462f-b9f6-3c8dd43e9fec,daniel surichaque,0.0,2026-08-01 20:36:29.221009,True,164.5,2026-08-01 20:27:41.843006,True,True,True,OK
paul.quiroz.a@uni.pe,Paúl Quiroz Alva,Excel for Data Analyst,4 EDICION |Excel for Data Analyst,4.0,177735de-789d-42e7-900c-5f0466dead78,67405dc6-1848-462f-b9f6-3c8dd43e9fec,daniel surichaque,0.0,2026-07-30 19:31:31.084561,True,119.66666666666666,2026-07-30 19:21:26.290233,True,True,True,OK
diazsacarisebastian@gmail.com,SEBASTIAN CARLOS DIAZ SACARI,Excel for Data Analyst,4 EDICION |Excel for Data Analyst,4.0,177735de-789d-42e7-900c-5f0466dead78,67405dc6-1848-462f-b9f6-3c8dd43e9fec,daniel surichaque,25.0,2026-07-29 19:38:07.190917,True,169.0,2026-07-29 18:50:27.041093,True,True,True,OK
aldanap.sebastian@gmail.com,Sebastian Aldana Pachas,Excel for Data Analyst,4 EDICION |Excel for Data Analyst,4.0,177735de-789d-42e7-900c-5f0466dead78,67405dc6-1848-462f-b9f6-3c8dd43e9fec,daniel surichaque,25.0,2026-08-02 05:20:29.182543,True,235.66666666666666,2026-08-02 05:18:54.106333,True,True,True,OK
sebastian.vc.0820@gmail.com,Sebastian Vicente Curiñaupa,Excel for Data Analyst,4 EDICION |Excel for Data Analyst,4.0,177735de-789d-42e7-900c-5f0466dead78,67405dc6-1848-462f-b9f6-3c8dd43e9fec,daniel surichaque,0.0,2026-08-03 23:53:26.898338,True,33.333333333333336,2026-08-03 23:50:34.355340,True,True,True,OK
valentinsebastian540@gmail.com,sebastian Valentín Malpartida,Excel for Data Analyst,4 EDICION |Excel for Data Analyst,4.0,177735de-789d-42e7-900c-5f0466dead78,67405dc6-1848-462f-b9f6-3c8dd43e9fec,daniel surichaque,0.0,2026-08-03 00:42:35.398421,True,236.33333333333334,2026-08-03 00:39:08.603761,True,True,True,OK
khaoz20624@gmail.com,Alexander Jeferson Arce Crisanto,Power BI,4 EDICION |Power BI for Data Analyst,,,,junior candela,,,False,119.66666666666666,2026-07-29 02:46:24.453250,True,True,True,ALERTA: pago sin matricula
christian.limayalb@gmail.com,Christian Alexander Limay Albarracin,Power BI,4 EDICION |Power BI for Data Analyst,,,,junior candela,,,False,235.66666666666666,2026-08-03 23:18:45.779829,True,True,True,ALERTA: pago sin matricula
cristhian.duran.cayetano@gmail.com,Cristhian Angel Duran Cayetano,Power BI,4 EDICION |Power BI for Data Analyst,,,,junior candela,,,False,199.0,2026-07-18 08:37:28.000000,True,True,True,ALERTA: pago sin matricula
cynthia134045@gmail.com,Cynthia Paola Falero Salazar,Power BI,4 EDICION |Power BI for Data Analyst,,,,junior candela,,,False,119.66666666666666,2026-07-31 03:31:15.173250,True,True,True,ALERTA: pago sin matricula
eduardo.avalos.re@outlook.com,Eduardo Daniel Avalos Remon,Power BI,4 EDICION |Power BI for Data Analyst,,,,junior candela,,,False,119.66666666666666,2026-08-01 04:28:25.925646,True,True,True,ALERTA: pago sin matricula
e.edynina.h@gmail.com,Edy Enrique Nina Huillca,Power BI,4 EDICION |Power BI for Data Analyst,,,,junior candela,,,False,202.33333333333334,2026-07-31 03:41:01.759243,True,True,True,ALERTA: pago sin matricula
gian99d@gmail.com,Gian Carlos Javier Ruiz Lopez,Power BI,4 EDICION |Power BI for Data Analyst,,,,junior candela,,,False,252.33333333333334,2026-08-17 14:30:28.744647,True,True,True,ALERTA: pago sin matricula
josevalebboy@gmail.com,JOSE ARMANDO VALERIANO QUISPE,Power BI,4 EDICION |Power BI for Data Analyst,,,,junior candela,,,False,464.6666666666667,2026-07-20 23:14:27.000000,True,True,True,ALERTA: pago sin matricula
jsaldarriagajauregui@gmail.com,Jose Angel Saldarriaga Jauregui,Power BI,4 EDICION |Power BI for Data Analyst,,,,junior candela,,,False,157.58333333333334,2026-07-30 23:57:30.993501,True,True,True,ALERTA: pago sin matricula
oliveraluis2112@gmail.com,Luis Enrique Olivera García,Power BI,4 EDICION |Power BI for Data Analyst,,,,junior candela,,,False,252.33333333333334,2026-08-04 14:51:00.274747,True,True,True,ALERTA: pago sin matricula
alfredchma@gmail.com,MAURICIO ALFREDO CHOQUE VALDIVIA,Power BI,4 EDICION |Power BI for Data Analyst,,,,junior candela,,,False,119.66666666666666,2026-08-02 20:15:22.175915,True,True,True,ALERTA: pago sin matricula
miguel.quintana2@unmsm.edu.pe,Miguel Angel Quintana Lopez,Power BI,4 EDICION |Power BI for Data Analyst,,,,junior candela,,,False,86.33333333333333,2026-07-31 19:09:42.976814,True,True,True,ALERTA: pago sin matricula
paul.quiroz.a@uni.pe,Paúl Quiroz Alva,Power BI,4 EDICION |Power BI for Data Analyst,,,,junior candela,,,False,119.66666666666666,2026-07-30 19:21:26.290233,True,True,True,ALERTA: pago sin matricula
aldanap.sebastian@gmail.com,Sebastian Aldana Pachas,Power BI,4 EDICION |Power BI for Data Analyst,,,,junior candela,,,False,235.66666666666666,2026-08-02 05:18:54.106333,True,True,True,ALERTA: pago sin matricula
sebastian.vc.0820@gmail.com,Sebastian Vicente Curiñaupa,Power BI,4 EDICION |Power BI for Data Analyst,,,,junior candela,,,False,33.333333333333336,2026-08-03 23:50:34.355340,True,True,True,ALERTA: pago sin matricula
valentinsebastian540@gmail.com,sebastian Valentín Malparida,Power BI,4 EDICION |Power BI for Data Analyst,,,,junior candela,,,False,236.33333333333334,2026-08-03 00:39:08.603761,True,True,True,ALERTA: pago sin matricula
nevermind.v4n@gmail.com,Vanessa Hualpa Baylon,Power BI,4 EDICION |Power BI for Data Analyst,4.0,1fb1d502-316a-4eb6-9854-82ddccbf554a,3f787d87-3788-4375-a9c0-6cd6c28adc6c,junior candela,25.0,2026-08-06 02:02:18.990531,True,,,False,True,True,AVISO: matriculado sin pago registrado
estudiante1@gmail.com,estudiante1 ,Power BI,4 EDICION |Power BI for Data Analyst,4.0,1fb1d502-316a-4eb6-9854-82ddccbf554a,3f787d87-3788-4375-a9c0-6cd6c28adc6c,junior candela,0.0,2026-08-04 00:53:25.258399,True,,,False,True,True,AVISO: matriculado sin pago registrado
alejandrogabrielsorianopalo@gmail.com,Alejandro Gabriel Soriano Palomino,Power BI,4 EDICION |Power BI for Data Analyst,,,,junior candela,,,False,33.333333333333336,2026-08-18 00:29:59.558290,True,False,True,CRITICO: pago sin cuenta ni matricula
venegasalexander1c1302190@gmail.com,Alexander Adolfo Venegas Venegas,Power BI,4 EDICION |Power BI for Data Analyst,,,,junior candela,,,False,33.333333333333336,2026-08-17 19:09:36.738197,True,False,True,CRITICO: pago sin cuenta ni matricula
alejandrobarrialt@gmail.com,Carlos Alejandro Aranda Barrial,Power BI,4 EDICION |Power BI for Data Analyst,,,,junior candela,,,False,33.333333333333336,2026-08-15 17:41:34.463930,True,False,True,CRITICO: pago sin cuenta ni matricula
emmanuel010802@gmail.com,Carlos Emmanuel Espinoza,Power BI,4 EDICION |Power BI for Data Analyst,,,,junior candela,,,False,50.0,2026-08-18 01:17:37.835383,True,False,True,CRITICO: pago sin cuenta ni matricula
etar.218@gmail.com,Elvis Alfredo Tapia Rodriguez,Power BI,4 EDICION |Power BI for Data Analyst,,,,junior candela,,,False,33.333333333333336,2026-07-20 00:00:00.000000,True,False,True,CRITICO: pago sin cuenta ni matricula
hamed_ancel@hotmail.com,Hamilton Medardo Huamán Tapia,Power BI,4 EDICION |Power BI for Data Analyst,,,,junior candela,,,False,133.0,2026-08-01 21:03:06.151901,True,False,True,CRITICO: pago sin cuenta ni matricula
heygnersandoval@gmail.com,Heigner Jesus Sandoval Arrunategui,Power BI,4 EDICION |Power BI for Data Analyst,,,,junior candela,,,False,33.333333333333336,2026-08-18 00:49:02.026206,True,False,True,CRITICO: pago sin cuenta ni matricula
etorre.tanta@gmail.com,Luis Enrique Torre Tanta,Power BI,4 EDICION |Power BI for Data Analyst,,,,junior candela,,,False,119.66666666666666,2026-08-01 20:42:21.844750,True,False,True,CRITICO: pago sin cuenta ni matricula
latorrejaramillolf@gmail.com,Luis Fernando La Torre Jaramillo,Power BI,4 EDICION |Power BI for Data Analyst,,,,junior candela,,,False,33.333333333333336,2026-08-14 21:01:02.294336,True,False,True,CRITICO: pago sin cuenta ni matricula
mquintanalopez6@gmail.com,Miguel Angel Quintana Lopez,Power BI,4 EDICION |Power BI for Data Analyst,,,,junior candela,,,False,33.333333333333336,2026-07-16 00:00:00.000000,True,False,True,CRITICO: pago sin cuenta ni matricula
drfreddy90@gmail.com,Sebastian,Power BI,4 EDICION |Power BI for Data Analyst,,,,junior candela,,,False,133.0,2026-07-26 20:29:23.197247,True,False,True,CRITICO: pago sin cuenta ni matricula
adrianchuchullo@gmail.com,Adrian Chuchullo Rumi,Power BI,4 EDICION |Power BI for Data Analyst,4.0,1fb1d502-316a-4eb6-9854-82ddccbf554a,3f787d87-3788-4375-a9c0-6cd6c28adc6c,junior candela,0.0,2026-07-29 15:44:56.576376,True,159.5,2026-07-19 20:47:22.000000,True,True,True,OK
tp149054@gmail.com,Andy Manuel Trujillo Perez,Power BI,4 EDICION |Power BI for Data Analyst,4.0,1fb1d502-316a-4eb6-9854-82ddccbf554a,3f787d87-3788-4375-a9c0-6cd6c28adc6c,junior candela,0.0,2026-08-02 20:04:06.463962,True,169.0,2026-08-02 20:01:28.669506,True,True,True,OK
angelgabrielpachecosalas@gmail.com,Angel Gabriel Pacheco Salas,Power BI,4 EDICION |Power BI for Data Analyst,4.0,1fb1d502-316a-4eb6-9854-82ddccbf554a,3f787d87-3788-4375-a9c0-6cd6c28adc6c,junior candela,0.0,2026-08-01 00:19:47.883089,True,159.0,2026-08-01 00:17:21.511980,True,True,True,OK
anmicoro18fii@gmail.com,Antony Michael Cordova Rosales,Power BI,4 EDICION |Power BI for Data Analyst,4.0,1fb1d502-316a-4eb6-9854-82ddccbf554a,3f787d87-3788-4375-a9c0-6cd6c28adc6c,junior candela,13.0,2026-08-05 02:47:17.766440,True,159.0,2026-08-05 02:52:17.975481,True,True,True,OK
bryanbv2697@gmail.com,Bryan Fernando Barba Vargas,Power BI,4 EDICION |Power BI for Data Analyst,4.0,1fb1d502-316a-4eb6-9854-82ddccbf554a,3f787d87-3788-4375-a9c0-6cd6c28adc6c,junior candela,0.0,2026-07-29 15:46:12.593441,True,179.0,2026-07-06 18:10:45.000000,True,True,True,OK
diegoagameroc@gmail.com,DIEGO ANDRÉS GAMERO COTRINA,Power BI,4 EDICION |Power BI for Data Analyst,4.0,1fb1d502-316a-4eb6-9854-82ddccbf554a,3f787d87-3788-4375-a9c0-6cd6c28adc6c,junior candela,0.0,2026-07-29 18:19:39.677766,True,246.0,2026-07-21 22:34:05.000000,True,True,True,OK
dayanna_rs08@hotmail.com,Dayanna Solange Ramos Santisteban,Power BI,4 EDICION |Power BI for Data Analyst,4.0,1fb1d502-316a-4eb6-9854-82ddccbf554a,3f787d87-3788-4375-a9c0-6cd6c28adc6c,junior candela,0.0,2026-08-03 23:31:49.003972,True,169.0,2026-08-03 23:29:17.332771,True,True,True,OK
kaisamedinag@gmail.com,Especialización de Data Analyst,Power BI,4 EDICION |Power BI for Data Analyst,4.0,1fb1d502-316a-4eb6-9854-82ddccbf554a,3f787d87-3788-4375-a9c0-6cd6c28adc6c,junior candela,0.0,2026-08-07 04:17:35.636705,True,252.33333333333334,2026-07-30 23:39:36.764268,True,True,True,OK
juliohuidobro21@gmail.com,HUIDOBRO TRUJILLO JULIO CESAR,Power BI,4 EDICION |Power BI for Data Analyst,4.0,1fb1d502-316a-4eb6-9854-82ddccbf554a,3f787d87-3788-4375-a9c0-6cd6c28adc6c,junior candela,0.0,2026-07-29 18:12:14.891127,True,109.0,2026-07-29 18:05:52.030312,True,True,True,OK
centenochurampijesmarhernan@gmail.com,Jesmar Hernan Centeno Churampi,Power BI,4 EDICION |Power BI for Data Analyst,4.0,1fb1d502-316a-4eb6-9854-82ddccbf554a,3f787d87-3788-4375-a9c0-6cd6c28adc6c,junior candela,25.0,2026-07-29 15:46:23.670009,True,169.0,2026-07-11 13:11:48.000000,True,True,True,OK
edu201888@gmail.com,Jose eduardo quintana cavero,Power BI,4 EDICION |Power BI for Data Analyst,4.0,1fb1d502-316a-4eb6-9854-82ddccbf554a,3f787d87-3788-4375-a9c0-6cd6c28adc6c,junior candela,0.0,2026-08-04 04:05:05.938318,True,50.0,2026-07-29 20:49:26.816980,True,True,True,OK
luistrujilloc96@gmail.com,Luis Jaime Manuel Trujillo Carrasco,Power BI,4 EDICION |Power BI for Data Analyst,4.0,1fb1d502-316a-4eb6-9854-82ddccbf554a,3f787d87-3788-4375-a9c0-6cd6c28adc6c,junior candela,0.0,2026-08-01 04:18:50.980208,True,179.0,2026-07-31 19:42:11.038633,True,True,True,OK
mblancom7@gmail.com,Marco Antonio Blanco Martinez,Power BI,4 EDICION |Power BI for Data Analyst,4.0,1fb1d502-316a-4eb6-9854-82ddccbf554a,3f787d87-3788-4375-a9c0-6cd6c28adc6c,junior candela,0.0,2026-07-30 15:06:06.851496,True,179.0,2026-07-30 14:57:13.760366,True,True,True,OK
merlinrojasa@gmail.com,Merlin Rojas Abanto,Power BI,4 EDICION |Power BI for Data Analyst,4.0,1fb1d502-316a-4eb6-9854-82ddccbf554a,3f787d87-3788-4375-a9c0-6cd6c28adc6c,junior candela,0.0,2026-08-07 04:31:15.270715,True,252.33333333333334,2026-07-16 23:48:51.000000,True,True,True,OK
valeriacamilahurtado@gmail.com,Valeria Camila Hurtado Vicuña,Power BI,4 EDICION |Power BI for Data Analyst,4.0,1fb1d502-316a-4eb6-9854-82ddccbf554a,3f787d87-3788-4375-a9c0-6cd6c28adc6c,junior candela,25.0,2026-08-03 13:43:46.381446,True,159.0,2026-08-03 13:42:59.456549,True,True,True,OK
adrianchuchullo@gmail.com,Adrian Chuchullo Rumi,SQL for Data Analyst,4 EDICION |SQL para Data Analyst,,,,jordan delacruz,,,False,159.5,2026-07-19 20:47:22.000000,True,True,True,ALERTA: pago sin matricula
gian99d@gmail.com,Gian Carlos Javier Ruiz Lopez,SQL for Data Analyst,4 EDICION |SQL para Data Analyst,,,,jordan delacruz,,,False,252.33333333333334,2026-08-17 14:30:28.744647,True,True,True,ALERTA: pago sin matricula
meli231144@gmail.com,Melissa Katherine Ponce Fernández,SQL for Data Analyst,4 EDICION |SQL para Data Analyst,,,,jordan delacruz,,,False,169.0,2026-07-26 15:54:34.326500,True,True,True,ALERTA: pago sin matricula
hamed.98@gmail.com,Hamilton Medardo Huamán Tapia,SQL for Data Analyst,4 EDICION |SQL para Data Analyst,4.0,979c6644-aa02-4cdc-b001-abbba99add23,9d7e703e-dc80-4ef7-95f6-66da285df699,jordan delacruz,0.0,2026-08-01 21:03:55.622786,True,,,False,True,True,AVISO: matriculado sin pago registrado
luis.torre.tanta2003@gmail.com,Luis Enrique Torre Tanta,SQL for Data Analyst,4 EDICION |SQL para Data Analyst,4.0,979c6644-aa02-4cdc-b001-abbba99add23,9d7e703e-dc80-4ef7-95f6-66da285df699,jordan delacruz,0.0,2026-08-01 20:50:22.650412,True,,,False,True,True,AVISO: matriculado sin pago registrado
estudiante1@gmail.com,estudiante1 ,SQL for Data Analyst,4 EDICION |SQL para Data Analyst,4.0,979c6644-aa02-4cdc-b001-abbba99add23,9d7e703e-dc80-4ef7-95f6-66da285df699,jordan delacruz,13.0,2026-08-08 21:10:46.261074,True,,,False,True,True,AVISO: matriculado sin pago registrado
alejandrogabrielsorianopalo@gmail.com,Alejandro Gabriel Soriano Palomino,SQL for Data Analyst,4 EDICION |SQL para Data Analyst,,,,jordan delacruz,,,False,33.333333333333336,2026-08-18 00:29:59.558290,True,False,True,CRITICO: pago sin cuenta ni matricula
alexcercadomonroy@gmail.com,Alex Enrique Cercado Monroy,SQL for Data Analyst,4 EDICION |SQL para Data Analyst,,,,jordan delacruz,,,False,50.0,2026-07-28 01:52:07.399605,True,False,True,CRITICO: pago sin cuenta ni matricula
venegasalexander1c1302190@gmail.com,Alexander Adolfo Venegas Venegas,SQL for Data Analyst,4 EDICION |SQL para Data Analyst,,,,jordan delacruz,,,False,33.333333333333336,2026-08-17 19:09:36.738197,True,False,True,CRITICO: pago sin cuenta ni matricula
river.vela790@gmail.com,Bruno Anthony Riveros Vela,SQL for Data Analyst,4 EDICION |SQL para Data Analyst,,,,jordan delacruz,,,False,50.0,2026-08-08 19:49:17.418541,True,False,True,CRITICO: pago sin cuenta ni matricula
alejandrobarrialt@gmail.com,Carlos Alejandro Aranda Barrial,SQL for Data Analyst,4 EDICION |SQL para Data Analyst,,,,jordan delacruz,,,False,33.333333333333336,2026-08-15 17:41:34.463930,True,False,True,CRITICO: pago sin cuenta ni matricula
chavovinces67@gmail.com,Carlos Santiago Zapata Vinces,SQL for Data Analyst,4 EDICION |SQL para Data Analyst,,,,jordan delacruz,,,False,50.0,2026-08-19 01:23:29.215457,True,False,True,CRITICO: pago sin cuenta ni matricula
etar.218@gmail.com,Elvis Alfredo Tapia Rodriguez,SQL for Data Analyst,4 EDICION |SQL para Data Analyst,,,,jordan delacruz,,,False,33.333333333333336,2026-07-20 00:00:00.000000,True,False,True,CRITICO: pago sin cuenta ni matricula
hamed_ancel@hotmail.com,Hamilton Medardo Huamán Tapia,SQL for Data Analyst,4 EDICION |SQL para Data Analyst,,,,jordan delacruz,,,False,133.0,2026-08-01 21:03:06.151901,True,False,True,CRITICO: pago sin cuenta ni matricula
heygnersandoval@gmail.com,Heigner Jesus Sandoval Arrunategui,SQL for Data Analyst,4 EDICION |SQL para Data Analyst,,,,jordan delacruz,,,False,33.333333333333336,2026-08-18 00:49:02.026206,True,False,True,CRITICO: pago sin cuenta ni matricula
ppulloalucero5@gmail.com,Lucero Alicia Ulloa Mallaopoma,SQL for Data Analyst,4 EDICION |SQL para Data Analyst,,,,jordan delacruz,,,False,50.0,2026-07-29 20:49:26.816980,True,False,True,CRITICO: pago sin cuenta ni matricula
etorre.tanta@gmail.com,Luis Enrique Torre Tanta,SQL for Data Analyst,4 EDICION |SQL para Data Analyst,,,,jordan delacruz,,,False,119.66666666666666,2026-08-01 20:42:21.844750,True,False,True,CRITICO: pago sin cuenta ni matricula
latorrejaramillolf@gmail.com,Luis Fernando La Torre Jaramillo,SQL for Data Analyst,4 EDICION |SQL para Data Analyst,,,,jordan delacruz,,,False,33.333333333333336,2026-08-14 21:01:02.294336,True,False,True,CRITICO: pago sin cuenta ni matricula
mquintanalopez6@gmail.com,Miguel Angel Quintana Lopez,SQL for Data Analyst,4 EDICION |SQL para Data Analyst,,,,jordan delacruz,,,False,33.333333333333336,2026-07-16 00:00:00.000000,True,False,True,CRITICO: pago sin cuenta ni matricula
drfreddy90@gmail.com,Sebastian,SQL for Data Analyst,4 EDICION |SQL para Data Analyst,,,,jordan delacruz,,,False,133.0,2026-07-26 20:29:23.197247,True,False,True,CRITICO: pago sin cuenta ni matricula
abelarcasi19@gmail.com,Abel Sebastian Arcasi Rivera,SQL for Data Analyst,4 EDICION |SQL para Data Analyst,4.0,979c6644-aa02-4cdc-b001-abbba99add23,9d7e703e-dc80-4ef7-95f6-66da285df699,jordan delacruz,25.0,2026-07-29 20:36:24.170999,True,169.0,2026-07-29 20:34:01.189709,True,True,True,OK
alexcercado29@gmail.com,Alex Enrique Cercado Monroy,SQL for Data Analyst,4 EDICION |SQL para Data Analyst,4.0,979c6644-aa02-4cdc-b001-abbba99add23,9d7e703e-dc80-4ef7-95f6-66da285df699,jordan delacruz,0.0,2026-07-28 01:45:43.260523,True,114.5,2026-07-28 01:37:40.384346,True,True,True,OK
khaoz20624@gmail.com,Alexander Jeferson Arce Crisanto,SQL for Data Analyst,4 EDICION |SQL para Data Analyst,4.0,979c6644-aa02-4cdc-b001-abbba99add23,9d7e703e-dc80-4ef7-95f6-66da285df699,jordan delacruz,25.0,2026-07-29 03:45:57.188802,True,119.66666666666666,2026-07-29 02:46:24.453250,True,True,True,OK
alexia.umpiri@gmail.com,Alexia Michelle Arapa Umpiri,SQL for Data Analyst,4 EDICION |SQL para Data Analyst,4.0,979c6644-aa02-4cdc-b001-abbba99add23,9d7e703e-dc80-4ef7-95f6-66da285df699,jordan delacruz,0.0,2026-07-30 15:27:10.808905,True,169.0,2026-07-30 15:23:21.291223,True,True,True,OK
1921110277@untels.edu.pe,Anthony Ernesto Rojas Avalos,SQL for Data Analyst,4 EDICION |SQL para Data Analyst,4.0,979c6644-aa02-4cdc-b001-abbba99add23,9d7e703e-dc80-4ef7-95f6-66da285df699,jordan delacruz,0.0,2026-08-07 18:51:29.669067,True,179.0,2026-07-18 10:04:56.000000,True,True,True,OK
anthonyjhoanpuentecarpio@gmail.com,Anthony Jhoan Puente Carpio,SQL for Data Analyst,4 EDICION |SQL para Data Analyst,4.0,979c6644-aa02-4cdc-b001-abbba99add23,9d7e703e-dc80-4ef7-95f6-66da285df699,jordan delacruz,50.0,2026-08-07 18:24:40.473556,True,318.0,2026-08-03 23:03:15.650414,True,True,True,OK
quitoanccasiantonyrodrigo@gmail.com,Antony Rodrigo Quito Anccasi,SQL for Data Analyst,4 EDICION |SQL para Data Analyst,4.0,979c6644-aa02-4cdc-b001-abbba99add23,9d7e703e-dc80-4ef7-95f6-66da285df699,jordan delacruz,0.0,2026-07-31 03:05:15.956059,True,119.66666666666666,2026-07-31 03:01:23.967339,True,True,True,OK
ba.chambergom@alum.up.edu.pe,Benjamin Alessio Chambergo Matute,SQL for Data Analyst,4 EDICION |SQL para Data Analyst,4.0,979c6644-aa02-4cdc-b001-abbba99add23,9d7e703e-dc80-4ef7-95f6-66da285df699,jordan delacruz,0.0,2026-08-02 05:32:28.827560,True,179.0,2026-08-02 05:31:31.226726,True,True,True,OK
christian.limayalb@gmail.com,Christian Alexander Limay Albarracin,SQL for Data Analyst,4 EDICION |SQL para Data Analyst,4.0,979c6644-aa02-4cdc-b001-abbba99add23,9d7e703e-dc80-4ef7-95f6-66da285df699,jordan delacruz,13.0,2026-08-03 23:22:44.713414,True,235.66666666666666,2026-08-03 23:18:45.779829,True,True,True,OK
cristhian.duran.cayetano@gmail.com,Cristhian Angel Duran Cayetano,SQL for Data Analyst,4 EDICION |SQL para Data Analyst,4.0,979c6644-aa02-4cdc-b001-abbba99add23,9d7e703e-dc80-4ef7-95f6-66da285df699,jordan delacruz,13.0,2026-08-01 17:52:57.311928,True,199.0,2026-07-18 08:37:28.000000,True,True,True,OK
cynthia134045@gmail.com,Cynthia Paola Falero Salazar,SQL for Data Analyst,4 EDICION |SQL para Data Analyst,4.0,979c6644-aa02-4cdc-b001-abbba99add23,9d7e703e-dc80-4ef7-95f6-66da285df699,jordan delacruz,0.0,2026-07-31 05:54:10.025676,True,119.66666666666666,2026-07-31 03:31:15.173250,True,True,True,OK
caparachindavid@gmail.com,David Julinho Caparachin Ricapa,SQL for Data Analyst,4 EDICION |SQL para Data Analyst,4.0,979c6644-aa02-4cdc-b001-abbba99add23,9d7e703e-dc80-4ef7-95f6-66da285df699,jordan delacruz,0.0,2026-08-07 18:27:16.226336,True,179.0,2026-08-07 18:26:22.138184,True,True,True,OK
eduardo.avalos.re@outlook.com,Eduardo Daniel Avalos Remon,SQL for Data Analyst,4 EDICION |SQL para Data Analyst,4.0,979c6644-aa02-4cdc-b001-abbba99add23,9d7e703e-dc80-4ef7-95f6-66da285df699,jordan delacruz,0.0,2026-08-01 04:36:27.739879,True,119.66666666666666,2026-08-01 04:28:25.925646,True,True,True,OK
e.edynina.h@gmail.com,Edy Enrique Nina Huillca,SQL for Data Analyst,4 EDICION |SQL para Data Analyst,4.0,979c6644-aa02-4cdc-b001-abbba99add23,9d7e703e-dc80-4ef7-95f6-66da285df699,jordan delacruz,0.0,2026-07-31 05:35:49.648782,True,202.33333333333334,2026-07-31 03:41:01.759243,True,True,True,OK
kaisamedinag@gmail.com,Especialización de Data Analyst,SQL for Data Analyst,4 EDICION |SQL para Data Analyst,4.0,979c6644-aa02-4cdc-b001-abbba99add23,9d7e703e-dc80-4ef7-95f6-66da285df699,jordan delacruz,25.0,2026-07-31 03:01:25.646939,True,252.33333333333334,2026-07-30 23:39:36.764268,True,True,True,OK
fernand0guzfer547@gmail.com,Fernando Jose Guzman Fernandez,SQL for Data Analyst,4 EDICION |SQL para Data Analyst,4.0,979c6644-aa02-4cdc-b001-abbba99add23,9d7e703e-dc80-4ef7-95f6-66da285df699,jordan delacruz,0.0,2026-07-28 03:01:01.926498,True,265.6666666666667,2026-07-28 02:58:10.433655,True,True,True,OK
francardenasavalos@gmail.com,Francisco Pedro Cardenas Avalos,SQL for Data Analyst,4 EDICION |SQL para Data Analyst,4.0,979c6644-aa02-4cdc-b001-abbba99add23,9d7e703e-dc80-4ef7-95f6-66da285df699,jordan delacruz,0.0,2026-08-01 04:24:50.735964,True,219.0,2026-08-01 04:23:26.751451,True,True,True,OK
henryelcr@gmail.com,HENRY GANBERTI SANTA CRUZ BRAMON,SQL for Data Analyst,4 EDICION |SQL para Data Analyst,4.0,979c6644-aa02-4cdc-b001-abbba99add23,9d7e703e-dc80-4ef7-95f6-66da285df699,jordan delacruz,0.0,2026-07-31 18:40:15.219161,True,159.5,2026-07-31 18:38:59.238453,True,True,True,OK
josevalebboy@gmail.com,JOSE ARMANDO VALERIANO QUISPE,SQL for Data Analyst,4 EDICION |SQL para Data Analyst,4.0,979c6644-aa02-4cdc-b001-abbba99add23,9d7e703e-dc80-4ef7-95f6-66da285df699,jordan delacruz,63.0,2026-08-04 03:37:12.583057,True,464.6666666666667,2026-07-20 23:14:27.000000,True,True,True,OK
972847175campo@gmail.com,Joseluis Antonio Campo Bocanegra,SQL for Data Analyst,4 EDICION |SQL para Data Analyst,4.0,979c6644-aa02-4cdc-b001-abbba99add23,9d7e703e-dc80-4ef7-95f6-66da285df699,jordan delacruz,50.0,2026-07-30 00:34:46.654358,True,150.0,2026-07-15 22:49:16.000000,True,True,True,OK
jsaldarriagajauregui@gmail.com,José Angel Saldarriaga Jauregui,SQL for Data Analyst,4 EDICION |SQL para Data Analyst,4.0,979c6644-aa02-4cdc-b001-abbba99add23,9d7e703e-dc80-4ef7-95f6-66da285df699,jordan delacruz,0.0,2026-07-31 03:14:31.348251,True,157.58333333333334,2026-07-30 23:57:30.993501,True,True,True,OK
wspulloalucero5@gmail.com,Lucero Alicia Ulloa Mallaopoma,SQL for Data Analyst,4 EDICION |SQL para Data Analyst,4.0,979c6644-aa02-4cdc-b001-abbba99add23,9d7e703e-dc80-4ef7-95f6-66da285df699,jordan delacruz,0.0,2026-08-02 23:11:34.957640,True,169.0,2026-08-02 22:08:02.750196,True,True,True,OK
oliveraluis2112@gmail.com,Luis Enrique Olivera García,SQL for Data Analyst,4 EDICION |SQL para Data Analyst,4.0,979c6644-aa02-4cdc-b001-abbba99add23,9d7e703e-dc80-4ef7-95f6-66da285df699,jordan delacruz,0.0,2026-08-04 14:52:41.805356,True,252.33333333333334,2026-08-04 14:51:00.274747,True,True,True,OK
castrovidartemabelnayeli@gmail.com,Mabel Nayeli Rima Castro Vidarte,SQL for Data Analyst,4 EDICION |SQL para Data Analyst,4.0,979c6644-aa02-4cdc-b001-abbba99add23,9d7e703e-dc80-4ef7-95f6-66da285df699,jordan delacruz,0.0,2026-08-02 19:56:47.985168,True,169.0,2026-07-20 21:11:55.000000,True,True,True,OK
velizmajo28@gmail.com,María José Veliz de la Cruz,SQL for Data Analyst,4 EDICION |SQL para Data Analyst,4.0,979c6644-aa02-4cdc-b001-abbba99add23,9d7e703e-dc80-4ef7-95f6-66da285df699,jordan delacruz,0.0,2026-08-04 03:49:46.455310,True,159.5,2026-07-19 15:52:12.000000,True,True,True,OK
alfredchma@gmail.com,Mauricio Alfredo Choque Valdivia,SQL for Data Analyst,4 EDICION |SQL para Data Analyst,4.0,979c6644-aa02-4cdc-b001-abbba99add23,9d7e703e-dc80-4ef7-95f6-66da285df699,jordan delacruz,13.0,2026-08-05 20:15:25.737470,True,119.66666666666666,2026-08-02 20:15:22.175915,True,True,True,OK
merlinrojasa@gmail.com,Merlin Rojas Abanto,SQL for Data Analyst,4 EDICION |SQL para Data Analyst,4.0,979c6644-aa02-4cdc-b001-abbba99add23,9d7e703e-dc80-4ef7-95f6-66da285df699,jordan delacruz,0.0,2026-08-07 04:31:12.188155,True,252.33333333333334,2026-07-16 23:48:51.000000,True,True,True,OK
miguel.quintana2@unmsm.edu.pe,Miguel Angel Quintana Lopez,SQL for Data Analyst,4 EDICION |SQL para Data Analyst,4.0,979c6644-aa02-4cdc-b001-abbba99add23,9d7e703e-dc80-4ef7-95f6-66da285df699,jordan delacruz,0.0,2026-07-31 19:13:36.567099,True,86.33333333333333,2026-07-31 19:09:42.976814,True,True,True,OK
nicollemautino@gmail.com,Nicolle Esther Mautino Borja,SQL for Data Analyst,4 EDICION |SQL para Data Analyst,4.0,979c6644-aa02-4cdc-b001-abbba99add23,9d7e703e-dc80-4ef7-95f6-66da285df699,jordan delacruz,0.0,2026-07-28 01:58:57.824001,True,0.0,2026-07-16 23:48:44.000000,True,True,True,OK
oscar19vr@gmail.com,OSCAR MIJAIL VERA ROJAS,SQL for Data Analyst,4 EDICION |SQL para Data Analyst,4.0,979c6644-aa02-4cdc-b001-abbba99add23,9d7e703e-dc80-4ef7-95f6-66da285df699,jordan delacruz,13.0,2026-07-30 14:23:32.872710,True,119.66666666666666,2026-07-30 04:09:05.937713,True,True,True,OK
obed.chavez.c@uni.pe,Obed Andres Chavez Chambilla,SQL for Data Analyst,4 EDICION |SQL para Data Analyst,4.0,979c6644-aa02-4cdc-b001-abbba99add23,9d7e703e-dc80-4ef7-95f6-66da285df699,jordan delacruz,0.0,2026-08-01 20:36:34.039178,True,164.5,2026-08-01 20:27:41.843006,True,True,True,OK
paul.quiroz.a@uni.pe,Paúl Quiroz Alva,SQL for Data Analyst,4 EDICION |SQL para Data Analyst,4.0,979c6644-aa02-4cdc-b001-abbba99add23,9d7e703e-dc80-4ef7-95f6-66da285df699,jordan delacruz,0.0,2026-07-30 19:31:15.862670,True,119.66666666666666,2026-07-30 19:21:26.290233,True,True,True,OK
mateopieroaldair@gmail.com,Piero Aldair Mateo Tito,SQL for Data Analyst,4 EDICION |SQL para Data Analyst,4.0,979c6644-aa02-4cdc-b001-abbba99add23,9d7e703e-dc80-4ef7-95f6-66da285df699,jordan delacruz,63.0,2026-07-28 02:01:26.972237,True,159.5,2026-07-28 01:59:19.532587,True,True,True,OK
richardesteban53@gmail.com,Richard Daniel Esteban Rojas,SQL for Data Analyst,4 EDICION |SQL para Data Analyst,4.0,979c6644-aa02-4cdc-b001-abbba99add23,9d7e703e-dc80-4ef7-95f6-66da285df699,jordan delacruz,13.0,2026-08-07 04:34:24.839214,True,179.0,2026-08-07 04:32:59.252261,True,True,True,OK
aldanap.sebastian@gmail.com,Sebastian Aldana Pachas,SQL for Data Analyst,4 EDICION |SQL para Data Analyst,4.0,979c6644-aa02-4cdc-b001-abbba99add23,9d7e703e-dc80-4ef7-95f6-66da285df699,jordan delacruz,38.0,2026-08-02 05:20:38.087879,True,235.66666666666666,2026-08-02 05:18:54.106333,True,True,True,OK
sebastian.vc.0820@gmail.com,Sebastian Vicente Curiñaupa,SQL for Data Analyst,4 EDICION |SQL para Data Analyst,4.0,979c6644-aa02-4cdc-b001-abbba99add23,9d7e703e-dc80-4ef7-95f6-66da285df699,jordan delacruz,0.0,2026-08-03 23:53:24.345365,True,33.333333333333336,2026-08-03 23:50:34.355340,True,True,True,OK
valeria2ureta6@gmail.com,Valeria Thais Ureta Llanque,SQL for Data Analyst,4 EDICION |SQL para Data Analyst,4.0,979c6644-aa02-4cdc-b001-abbba99add23,9d7e703e-dc80-4ef7-95f6-66da285df699,jordan delacruz,0.0,2026-08-07 00:17:10.719278,True,179.0,2026-08-07 00:16:05.423318,True,True,True,OK
wfloreshuaytalla@gmail.com,WILLIAM AARON FLORES HUAYTALLA,SQL for Data Analyst,4 EDICION |SQL para Data Analyst,4.0,979c6644-aa02-4cdc-b001-abbba99add23,9d7e703e-dc80-4ef7-95f6-66da285df699,jordan delacruz,0.0,2026-07-29 19:43:25.532874,True,149.0,2026-07-29 20:49:26.816980,True,True,True,OK
yampiermq07@gmail.com,Yampier Marcelo Quispe,SQL for Data Analyst,4 EDICION |SQL para Data Analyst,4.0,979c6644-aa02-4cdc-b001-abbba99add23,9d7e703e-dc80-4ef7-95f6-66da285df699,jordan delacruz,25.0,2026-07-29 17:36:40.632251,True,109.0,2026-07-29 17:26:46.313733,True,True,True,OK
valentinsebastian540@gmail.com,sebastian Valentín Malpartida,SQL for Data Analyst,4 EDICION |SQL para Data Analyst,4.0,979c6644-aa02-4cdc-b001-abbba99add23,9d7e703e-dc80-4ef7-95f6-66da285df699,jordan delacruz,0.0,2026-08-03 00:42:38.895003,True,236.33333333333334,2026-08-03 00:39:08.603761,True,True,True,OK
dataacademylatam@gmail.com,Sebastian,SQL Intermedio-Avanzado,4TA EDICION| SQL Intermedio-Avanzado,,,,JHON CARLOS VELASQUE DURAND,,,False,0.0,2026-07-25 08:38:33.075379,True,True,True,ALERTA: pago sin matricula
angelo78107102@gmail.com,ANGELO JUAN SANCHEZ FLORES,SQL Intermedio-Avanzado,4TA EDICION| SQL Intermedio-Avanzado,4.0,97d3266d-49ab-4d0b-9fd4-f5ceda23401e,735eac2e-bc2e-4548-b4e4-7751cfdfd631,JHON CARLOS VELASQUE DURAND,25.0,2026-07-29 16:17:29.280586,True,,,False,True,True,AVISO: matriculado sin pago registrado
alexanderjorgecastillo20@gmail.com,Alexander Jorge Castillo,SQL Intermedio-Avanzado,4TA EDICION| SQL Intermedio-Avanzado,4.0,97d3266d-49ab-4d0b-9fd4-f5ceda23401e,735eac2e-bc2e-4548-b4e4-7751cfdfd631,JHON CARLOS VELASQUE DURAND,0.0,2026-07-29 16:35:45.459707,True,,,False,True,True,AVISO: matriculado sin pago registrado
angiemanzanoj@gmail.com,Angie Nicole Manzano Jimenez,SQL Intermedio-Avanzado,4TA EDICION| SQL Intermedio-Avanzado,4.0,97d3266d-49ab-4d0b-9fd4-f5ceda23401e,735eac2e-bc2e-4548-b4e4-7751cfdfd631,JHON CARLOS VELASQUE DURAND,0.0,2026-08-05 04:23:30.628441,True,,,False,True,True,AVISO: matriculado sin pago registrado
diegoagameroc@gmail.com,DIEGO ANDRÉS GAMERO COTRINA,SQL Intermedio-Avanzado,4TA EDICION| SQL Intermedio-Avanzado,4.0,97d3266d-49ab-4d0b-9fd4-f5ceda23401e,735eac2e-bc2e-4548-b4e4-7751cfdfd631,JHON CARLOS VELASQUE DURAND,0.0,2026-07-29 18:24:57.808585,True,,,False,True,True,AVISO: matriculado sin pago registrado
daviiidramirezrosales@gmail.com,David Gianfranco Ramirez Rosales,SQL Intermedio-Avanzado,4TA EDICION| SQL Intermedio-Avanzado,4.0,97d3266d-49ab-4d0b-9fd4-f5ceda23401e,735eac2e-bc2e-4548-b4e4-7751cfdfd631,JHON CARLOS VELASQUE DURAND,0.0,2026-07-29 16:18:07.624021,True,,,False,True,True,AVISO: matriculado sin pago registrado
kaisamedinag@gmail.com,Especialización de Data Analyst,SQL Intermedio-Avanzado,4TA EDICION| SQL Intermedio-Avanzado,4.0,97d3266d-49ab-4d0b-9fd4-f5ceda23401e,735eac2e-bc2e-4548-b4e4-7751cfdfd631,JHON CARLOS VELASQUE DURAND,25.0,2026-08-07 04:18:10.419707,True,,,False,True,True,AVISO: matriculado sin pago registrado
jorgeauccaccollatupa@gmail.com,Jorge luis Aucca Ccollatupa,SQL Intermedio-Avanzado,4TA EDICION| SQL Intermedio-Avanzado,4.0,97d3266d-49ab-4d0b-9fd4-f5ceda23401e,735eac2e-bc2e-4548-b4e4-7751cfdfd631,JHON CARLOS VELASQUE DURAND,0.0,2026-07-29 21:44:39.341338,True,,,False,True,True,AVISO: matriculado sin pago registrado
kenji.huanca@gmail.com,KENJI ANTHONY HUANCA MAYTAN,SQL Intermedio-Avanzado,4TA EDICION| SQL Intermedio-Avanzado,4.0,97d3266d-49ab-4d0b-9fd4-f5ceda23401e,735eac2e-bc2e-4548-b4e4-7751cfdfd631,JHON CARLOS VELASQUE DURAND,0.0,2026-08-06 04:17:12.127643,True,,,False,True,True,AVISO: matriculado sin pago registrado
arathhh123@gmail.com,Martin Arath Taboada Rivera,SQL Intermedio-Avanzado,4TA EDICION| SQL Intermedio-Avanzado,4.0,97d3266d-49ab-4d0b-9fd4-f5ceda23401e,735eac2e-bc2e-4548-b4e4-7751cfdfd631,JHON CARLOS VELASQUE DURAND,0.0,2026-07-29 16:17:42.284292,True,,,False,True,True,AVISO: matriculado sin pago registrado
merlinrojasa@gmail.com,Merlin Rojas Abanto,SQL Intermedio-Avanzado,4TA EDICION| SQL Intermedio-Avanzado,4.0,97d3266d-49ab-4d0b-9fd4-f5ceda23401e,735eac2e-bc2e-4548-b4e4-7751cfdfd631,JHON CARLOS VELASQUE DURAND,0.0,2026-08-07 04:31:18.094034,True,,,False,True,True,AVISO: matriculado sin pago registrado
nathyraez@gmail.com,Nathaly Rossy Raez Chirinos,SQL Intermedio-Avanzado,4TA EDICION| SQL Intermedio-Avanzado,4.0,97d3266d-49ab-4d0b-9fd4-f5ceda23401e,735eac2e-bc2e-4548-b4e4-7751cfdfd631,JHON CARLOS VELASQUE DURAND,0.0,2026-08-14 14:19:10.812277,True,,,False,True,True,AVISO: matriculado sin pago registrado
estudiante1@gmail.com,estudiante1 ,SQL Intermedio-Avanzado,4TA EDICION| SQL Intermedio-Avanzado,4.0,97d3266d-49ab-4d0b-9fd4-f5ceda23401e,735eac2e-bc2e-4548-b4e4-7751cfdfd631,JHON CARLOS VELASQUE DURAND,0.0,2026-08-07 00:53:33.427255,True,,,False,True,True,AVISO: matriculado sin pago registrado
palominoleongino@gmail.com,gino alonzo palomino leon,SQL Intermedio-Avanzado,4TA EDICION| SQL Intermedio-Avanzado,4.0,97d3266d-49ab-4d0b-9fd4-f5ceda23401e,735eac2e-bc2e-4548-b4e4-7751cfdfd631,JHON CARLOS VELASQUE DURAND,50.0,2026-08-02 05:14:27.327473,True,,,False,True,True,AVISO: matriculado sin pago registrado
jeanvelasque75@gmail.com,jhon carlos jea paul velasque,SQL Intermedio-Avanzado,4TA EDICION| SQL Intermedio-Avanzado,4.0,97d3266d-49ab-4d0b-9fd4-f5ceda23401e,735eac2e-bc2e-4548-b4e4-7751cfdfd631,JHON CARLOS VELASQUE DURAND,0.0,2026-07-27 02:29:01.906550,True,,,False,True,True,AVISO: matriculado sin pago registrado
hamed.98@gmail.com,Hamilton Medardo Huamán Tapia,Excel for Data Analyst,Edición 3 | Excel for data analyst,3.0,fefa7113-18cb-42d2-b72b-7f1b006db66c,a69513b4-f4f1-470e-bf71-2d4036543c19,Jhon Velasque,0.0,2026-08-01 21:04:05.371396,True,,,False,True,True,AVISO: matriculado sin pago registrado
luis.torre.tanta2003@gmail.com,Luis Enrique Torre Tanta,Excel for Data Analyst,Edición 3 | Excel for data analyst,3.0,fefa7113-18cb-42d2-b72b-7f1b006db66c,a69513b4-f4f1-470e-bf71-2d4036543c19,Jhon Velasque,0.0,2026-08-01 20:50:34.978839,True,,,False,True,True,AVISO: matriculado sin pago registrado
estudiante1@gmail.com,estudiante1 ,Excel for Data Analyst,Edición 3 | Excel for data analyst,3.0,fefa7113-18cb-42d2-b72b-7f1b006db66c,a69513b4-f4f1-470e-bf71-2d4036543c19,Jhon Velasque,0.0,2026-08-02 22:33:22.746048,True,,,False,True,True,AVISO: matriculado sin pago registrado
jeanvelasque75@gmail.com,jhon carlos jea paul velasque,Excel for Data Analyst,Edición 3 | Excel for data analyst,3.0,fefa7113-18cb-42d2-b72b-7f1b006db66c,a69513b4-f4f1-470e-bf71-2d4036543c19,Jhon Velasque,0.0,2026-07-27 02:30:38.681744,True,,,False,True,True,AVISO: matriculado sin pago registrado
alanrauljq17@gmail.com,Alan Raul Jiménez Quispe,Excel for Data Analyst,Edición 3 | Excel for data analyst,3.0,fefa7113-18cb-42d2-b72b-7f1b006db66c,a69513b4-f4f1-470e-bf71-2d4036543c19,Jhon Velasque,0.0,2026-07-29 04:06:30.410174,True,179.0,2026-07-30 00:51:48.912118,True,True,True,OK
alexcercado29@gmail.com,Alex Enrique Cercado Monroy,Excel for Data Analyst,Edición 3 | Excel for data analyst,3.0,fefa7113-18cb-42d2-b72b-7f1b006db66c,a69513b4-f4f1-470e-bf71-2d4036543c19,Jhon Velasque,0.0,2026-07-28 01:46:34.713217,True,114.5,2026-07-28 01:37:40.384346,True,True,True,OK
khaoz20624@gmail.com,Alexander Jeferson Arce Crisanto,Excel for Data Analyst,Edición 3 | Excel for data analyst,3.0,fefa7113-18cb-42d2-b72b-7f1b006db66c,a69513b4-f4f1-470e-bf71-2d4036543c19,Jhon Velasque,0.0,2026-07-29 03:38:53.099406,True,119.66666666666666,2026-07-29 02:46:24.453250,True,True,True,OK
alvaro.123zz46@gmail.com,Alvaro Aldahir Jimenez Huamani,Excel for Data Analyst,Edición 3 | Excel for data analyst,3.0,fefa7113-18cb-42d2-b72b-7f1b006db66c,a69513b4-f4f1-470e-bf71-2d4036543c19,Jhon Velasque,0.0,2026-08-02 20:37:47.390855,True,179.0,2026-08-02 20:36:42.738294,True,True,True,OK
quitoanccasiantonyrodrigo@gmail.com,Antony Rodrigo Quito Anccasi,Excel for Data Analyst,Edición 3 | Excel for data analyst,3.0,fefa7113-18cb-42d2-b72b-7f1b006db66c,a69513b4-f4f1-470e-bf71-2d4036543c19,Jhon Velasque,0.0,2026-07-31 03:04:51.021121,True,119.66666666666666,2026-07-31 03:01:23.967339,True,True,True,OK
christian.limayalb@gmail.com,Christian Alexander Limay Albarracin,Excel for Data Analyst,Edición 3 | Excel for data analyst,3.0,fefa7113-18cb-42d2-b72b-7f1b006db66c,a69513b4-f4f1-470e-bf71-2d4036543c19,Jhon Velasque,0.0,2026-08-03 23:22:19.610939,True,235.66666666666666,2026-08-03 23:18:45.779829,True,True,True,OK
cristhian.duran.cayetano@gmail.com,Cristhian Angel Duran Cayetano,Excel for Data Analyst,Edición 3 | Excel for data analyst,3.0,fefa7113-18cb-42d2-b72b-7f1b006db66c,a69513b4-f4f1-470e-bf71-2d4036543c19,Jhon Velasque,0.0,2026-08-01 17:53:08.674382,True,199.0,2026-07-18 08:37:28.000000,True,True,True,OK
cynthia134045@gmail.com,Cynthia Paola Falero Salazar,Excel for Data Analyst,Edición 3 | Excel for data analyst,3.0,fefa7113-18cb-42d2-b72b-7f1b006db66c,a69513b4-f4f1-470e-bf71-2d4036543c19,Jhon Velasque,0.0,2026-07-31 05:54:20.575729,True,119.66666666666666,2026-07-31 03:31:15.173250,True,True,True,OK
diegoagameroc@gmail.com,DIEGO ANDRÉS GAMERO COTRINA,Excel for Data Analyst,Edición 3 | Excel for data analyst,3.0,fefa7113-18cb-42d2-b72b-7f1b006db66c,a69513b4-f4f1-470e-bf71-2d4036543c19,Jhon Velasque,0.0,2026-07-29 18:19:24.272036,True,246.0,2026-07-21 22:34:05.000000,True,True,True,OK
danielvizcar@gmail.com,Daniel Vizcardo Cruz,Excel for Data Analyst,Edición 3 | Excel for data analyst,3.0,fefa7113-18cb-42d2-b72b-7f1b006db66c,a69513b4-f4f1-470e-bf71-2d4036543c19,Jhon Velasque,0.0,2026-08-01 21:11:29.859062,True,219.0,2026-08-01 21:09:18.426028,True,True,True,OK
cusidiego291@gmail.com,Diego Oswaldo Cusi Ccaihuari,Excel for Data Analyst,Edición 3 | Excel for data analyst,3.0,fefa7113-18cb-42d2-b72b-7f1b006db66c,a69513b4-f4f1-470e-bf71-2d4036543c19,Jhon Velasque,0.0,2026-07-26 22:34:33.831556,True,169.0,2026-07-21 08:35:51.999000,True,True,True,OK
edujuegos31245@gmail.com,EDU JOSEPH SANCHEZ GOTEA,Excel for Data Analyst,Edición 3 | Excel for data analyst,3.0,fefa7113-18cb-42d2-b72b-7f1b006db66c,a69513b4-f4f1-470e-bf71-2d4036543c19,Jhon Velasque,0.0,2026-07-26 22:34:32.369466,True,179.0,2026-07-11 10:48:29.000000,True,True,True,OK
eduardo.avalos.re@outlook.com,Eduardo Daniel Avalos Remon,Excel for Data Analyst,Edición 3 | Excel for data analyst,3.0,fefa7113-18cb-42d2-b72b-7f1b006db66c,a69513b4-f4f1-470e-bf71-2d4036543c19,Jhon Velasque,0.0,2026-08-01 04:34:04.555215,True,119.66666666666666,2026-08-01 04:28:25.925646,True,True,True,OK
e.edynina.h@gmail.com,Edy Enrique Nina Huillca,Excel for Data Analyst,Edición 3 | Excel for data analyst,3.0,fefa7113-18cb-42d2-b72b-7f1b006db66c,a69513b4-f4f1-470e-bf71-2d4036543c19,Jhon Velasque,0.0,2026-07-31 05:36:06.062861,True,202.33333333333334,2026-07-31 03:41:01.759243,True,True,True,OK
kaisamedinag@gmail.com,Especialización de Data Analyst,Excel for Data Analyst,Edición 3 | Excel for data analyst,3.0,fefa7113-18cb-42d2-b72b-7f1b006db66c,a69513b4-f4f1-470e-bf71-2d4036543c19,Jhon Velasque,0.0,2026-07-31 03:00:58.740171,True,252.33333333333334,2026-07-30 23:39:36.764268,True,True,True,OK
fernand0guzfer547@gmail.com,Fernando Jose Guzman Fernandez,Excel for Data Analyst,Edición 3 | Excel for data analyst,3.0,fefa7113-18cb-42d2-b72b-7f1b006db66c,a69513b4-f4f1-470e-bf71-2d4036543c19,Jhon Velasque,0.0,2026-07-28 03:00:29.501007,True,265.6666666666667,2026-07-28 02:58:10.433655,True,True,True,OK
henryelcr@gmail.com,HENRY GANBERTI SANTA CRUZ BRAMON,Excel for Data Analyst,Edición 3 | Excel for data analyst,3.0,fefa7113-18cb-42d2-b72b-7f1b006db66c,a69513b4-f4f1-470e-bf71-2d4036543c19,Jhon Velasque,0.0,2026-07-31 18:40:23.838312,True,159.5,2026-07-31 18:38:59.238453,True,True,True,OK
josevalebboy@gmail.com,JOSE ARMANDO VALERIANO QUISPE,Excel for Data Analyst,Edición 3 | Excel for data analyst,3.0,fefa7113-18cb-42d2-b72b-7f1b006db66c,a69513b4-f4f1-470e-bf71-2d4036543c19,Jhon Velasque,0.0,2026-08-04 03:36:41.618322,True,464.6666666666667,2026-07-20 23:14:27.000000,True,True,True,OK
valerajeanpier26@gmail.com,Jeanpier Michaelson Valera Yana,Excel for Data Analyst,Edición 3 | Excel for data analyst,3.0,fefa7113-18cb-42d2-b72b-7f1b006db66c,a69513b4-f4f1-470e-bf71-2d4036543c19,Jhon Velasque,0.0,2026-07-26 22:34:33.107073,True,99.0,2026-07-18 11:03:35.000000,True,True,True,OK
972847175campo@gmail.com,Joseluis Antonio Campo Bocanegra,Excel for Data Analyst,Edición 3 | Excel for data analyst,3.0,fefa7113-18cb-42d2-b72b-7f1b006db66c,a69513b4-f4f1-470e-bf71-2d4036543c19,Jhon Velasque,0.0,2026-07-26 22:34:32.745071,True,169.0,2026-07-12 21:46:11.000000,True,True,True,OK
jsaldarriagajauregui@gmail.com,José Angel Saldarriaga Jauregui,Excel for Data Analyst,Edición 3 | Excel for data analyst,3.0,fefa7113-18cb-42d2-b72b-7f1b006db66c,a69513b4-f4f1-470e-bf71-2d4036543c19,Jhon Velasque,0.0,2026-07-31 03:14:07.435240,True,157.58333333333334,2026-07-30 23:57:30.993501,True,True,True,OK
oliveraluis2112@gmail.com,Luis Enrique Olivera García,Excel for Data Analyst,Edición 3 | Excel for data analyst,3.0,fefa7113-18cb-42d2-b72b-7f1b006db66c,a69513b4-f4f1-470e-bf71-2d4036543c19,Jhon Velasque,0.0,2026-08-04 14:52:13.873804,True,252.33333333333334,2026-08-04 14:51:00.274747,True,True,True,OK
velizmajo28@gmail.com,María José Veliz de la Cruz,Excel for Data Analyst,Edición 3 | Excel for data analyst,3.0,fefa7113-18cb-42d2-b72b-7f1b006db66c,a69513b4-f4f1-470e-bf71-2d4036543c19,Jhon Velasque,0.0,2026-07-26 22:34:33.469521,True,159.5,2026-07-19 15:52:12.000000,True,True,True,OK
alfredchma@gmail.com,Mauricio Alfredo Choque Valdivia,Excel for Data Analyst,Edición 3 | Excel for data analyst,3.0,fefa7113-18cb-42d2-b72b-7f1b006db66c,a69513b4-f4f1-470e-bf71-2d4036543c19,Jhon Velasque,0.0,2026-08-05 20:14:42.887517,True,119.66666666666666,2026-08-02 20:15:22.175915,True,True,True,OK
meli231144@gmail.com,Melissa Katherine Ponce Fernández,Excel for Data Analyst,Edición 3 | Excel for data analyst,3.0,fefa7113-18cb-42d2-b72b-7f1b006db66c,a69513b4-f4f1-470e-bf71-2d4036543c19,Jhon Velasque,0.0,2026-07-26 22:34:32.002956,True,169.0,2026-07-06 13:19:41.000000,True,True,True,OK
miguel.quintana2@unmsm.edu.pe,Miguel Angel Quintana Lopez,Excel for Data Analyst,Edición 3 | Excel for data analyst,3.0,fefa7113-18cb-42d2-b72b-7f1b006db66c,a69513b4-f4f1-470e-bf71-2d4036543c19,Jhon Velasque,0.0,2026-07-31 19:13:29.748592,True,86.33333333333333,2026-07-31 19:09:42.976814,True,True,True,OK
nicollemautino@gmail.com,Nicolle Esther Mautino Borja,Excel for Data Analyst,Edición 3 | Excel for data analyst,3.0,fefa7113-18cb-42d2-b72b-7f1b006db66c,a69513b4-f4f1-470e-bf71-2d4036543c19,Jhon Velasque,0.0,2026-07-28 01:58:23.592509,True,0.0,2026-07-16 23:48:44.000000,True,True,True,OK
oscar19vr@gmail.com,OSCAR MIJAIL VERA ROJAS,Excel for Data Analyst,Edición 3 | Excel for data analyst,3.0,fefa7113-18cb-42d2-b72b-7f1b006db66c,a69513b4-f4f1-470e-bf71-2d4036543c19,Jhon Velasque,0.0,2026-07-30 14:23:04.248155,True,119.66666666666666,2026-07-30 04:09:05.937713,True,True,True,OK
obed.chavez.c@uni.pe,Obed Andres Chavez Chambilla,Excel for Data Analyst,Edición 3 | Excel for data analyst,3.0,fefa7113-18cb-42d2-b72b-7f1b006db66c,a69513b4-f4f1-470e-bf71-2d4036543c19,Jhon Velasque,0.0,2026-08-01 20:36:51.511263,True,164.5,2026-08-01 20:27:41.843006,True,True,True,OK
paul.quiroz.a@uni.pe,Paúl Quiroz Alva,Excel for Data Analyst,Edición 3 | Excel for data analyst,3.0,fefa7113-18cb-42d2-b72b-7f1b006db66c,a69513b4-f4f1-470e-bf71-2d4036543c19,Jhon Velasque,0.0,2026-07-30 19:30:56.150039,True,119.66666666666666,2026-07-30 19:21:26.290233,True,True,True,OK
aldanap.sebastian@gmail.com,Sebastian Aldana Pachas,Excel for Data Analyst,Edición 3 | Excel for data analyst,3.0,fefa7113-18cb-42d2-b72b-7f1b006db66c,a69513b4-f4f1-470e-bf71-2d4036543c19,Jhon Velasque,0.0,2026-08-02 05:20:45.545408,True,235.66666666666666,2026-08-02 05:18:54.106333,True,True,True,OK
sebastian.vc.0820@gmail.com,Sebastian Vicente Curiñaupa,Excel for Data Analyst,Edición 3 | Excel for data analyst,3.0,fefa7113-18cb-42d2-b72b-7f1b006db66c,a69513b4-f4f1-470e-bf71-2d4036543c19,Jhon Velasque,0.0,2026-08-03 23:53:18.841750,True,33.333333333333336,2026-08-03 23:50:34.355340,True,True,True,OK
valentinsebastian540@gmail.com,sebastian Valentín Malpartida,Excel for Data Analyst,Edición 3 | Excel for data analyst,3.0,fefa7113-18cb-42d2-b72b-7f1b006db66c,a69513b4-f4f1-470e-bf71-2d4036543c19,Jhon Velasque,0.0,2026-08-03 00:42:07.608123,True,236.33333333333334,2026-08-03 00:39:08.603761,True,True,True,OK
alexia.umpiri@gmail.com,Alexia Michelle Arapa Umpiri,Power BI,Edición 3 | Power BI,3.0,1a17367d-d1ee-4ea9-a521-7f05a3913f19,a69513b4-f4f1-470e-bf71-2d4036543c19,Jhon Velasque,0.0,2026-07-30 15:26:50.589272,True,,,False,True,True,AVISO: matriculado sin pago registrado
nevermind.v4n@gmail.com,Vanessa Hualpa Baylon,Power BI,Edición 3 | Power BI,3.0,1a17367d-d1ee-4ea9-a521-7f05a3913f19,a69513b4-f4f1-470e-bf71-2d4036543c19,Jhon Velasque,0.0,2026-08-06 02:01:39.923469,True,,,False,True,True,AVISO: matriculado sin pago registrado
estudiante1@gmail.com,estudiante1 ,Power BI,Edición 3 | Power BI,3.0,1a17367d-d1ee-4ea9-a521-7f05a3913f19,a69513b4-f4f1-470e-bf71-2d4036543c19,Jhon Velasque,0.0,2026-07-16 16:52:18.721022,True,,,False,True,True,AVISO: matriculado sin pago registrado
jeanvelasque75@gmail.com,jhon carlos jea paul velasque,Power BI,Edición 3 | Power BI,3.0,1a17367d-d1ee-4ea9-a521-7f05a3913f19,a69513b4-f4f1-470e-bf71-2d4036543c19,Jhon Velasque,0.0,2026-07-27 02:30:35.271118,True,,,False,True,True,AVISO: matriculado sin pago registrado
tp149054@gmail.com,Andy Manuel Trujillo Perez,Power BI,Edición 3 | Power BI,3.0,1a17367d-d1ee-4ea9-a521-7f05a3913f19,a69513b4-f4f1-470e-bf71-2d4036543c19,Jhon Velasque,0.0,2026-08-02 20:03:50.757306,True,169.0,2026-08-02 20:01:28.669506,True,True,True,OK
angelgabrielpachecosalas@gmail.com,Angel Gabriel Pacheco Salas,Power BI,Edición 3 | Power BI,3.0,1a17367d-d1ee-4ea9-a521-7f05a3913f19,a69513b4-f4f1-470e-bf71-2d4036543c19,Jhon Velasque,0.0,2026-08-01 00:19:45.012045,True,159.0,2026-08-01 00:17:21.511980,True,True,True,OK
anmicoro18fii@gmail.com,Antony Michael Cordova Rosales,Power BI,Edición 3 | Power BI,3.0,1a17367d-d1ee-4ea9-a521-7f05a3913f19,a69513b4-f4f1-470e-bf71-2d4036543c19,Jhon Velasque,0.0,2026-08-05 02:47:07.615407,True,159.0,2026-08-05 02:52:17.975481,True,True,True,OK
quitoanccasiantonyrodrigo@gmail.com,Antony Rodrigo Quito Anccasi,Power BI,Edición 3 | Power BI,3.0,1a17367d-d1ee-4ea9-a521-7f05a3913f19,a69513b4-f4f1-470e-bf71-2d4036543c19,Jhon Velasque,0.0,2026-07-31 03:04:47.747334,True,119.66666666666666,2026-07-31 03:01:23.967339,True,True,True,OK
bryanbv2697@gmail.com,Bryan Fernando Barba Vargas,Power BI,Edición 3 | Power BI,3.0,1a17367d-d1ee-4ea9-a521-7f05a3913f19,a69513b4-f4f1-470e-bf71-2d4036543c19,Jhon Velasque,0.0,2026-07-31 06:06:43.554330,True,179.0,2026-07-06 18:10:45.000000,True,True,True,OK
diegoagameroc@gmail.com,DIEGO ANDRÉS GAMERO COTRINA,Power BI,Edición 3 | Power BI,3.0,1a17367d-d1ee-4ea9-a521-7f05a3913f19,a69513b4-f4f1-470e-bf71-2d4036543c19,Jhon Velasque,0.0,2026-07-29 18:19:18.726227,True,246.0,2026-07-21 22:34:05.000000,True,True,True,OK
dayanna_rs08@hotmail.com,Dayanna Solange Ramos Santisteban,Power BI,Edición 3 | Power BI,3.0,1a17367d-d1ee-4ea9-a521-7f05a3913f19,a69513b4-f4f1-470e-bf71-2d4036543c19,Jhon Velasque,0.0,2026-08-03 23:31:31.481666,True,169.0,2026-08-03 23:29:17.332771,True,True,True,OK
kaisamedinag@gmail.com,Especialización de Data Analyst,Power BI,Edición 3 | Power BI,3.0,1a17367d-d1ee-4ea9-a521-7f05a3913f19,a69513b4-f4f1-470e-bf71-2d4036543c19,Jhon Velasque,0.0,2026-07-31 03:00:54.671654,True,252.33333333333334,2026-07-30 23:39:36.764268,True,True,True,OK
fernand0guzfer547@gmail.com,Fernando Jose Guzman Fernandez,Power BI,Edición 3 | Power BI,3.0,1a17367d-d1ee-4ea9-a521-7f05a3913f19,a69513b4-f4f1-470e-bf71-2d4036543c19,Jhon Velasque,0.0,2026-07-28 03:00:26.700664,True,265.6666666666667,2026-07-28 02:58:10.433655,True,True,True,OK
juliohuidobro21@gmail.com,HUIDOBRO TRUJILLO JULIO CESAR,Power BI,Edición 3 | Power BI,3.0,1a17367d-d1ee-4ea9-a521-7f05a3913f19,a69513b4-f4f1-470e-bf71-2d4036543c19,Jhon Velasque,0.0,2026-07-29 18:11:36.089260,True,109.0,2026-07-29 18:05:52.030312,True,True,True,OK
luistrujilloc96@gmail.com,Luis Jaime Manuel Trujillo Carrasco,Power BI,Edición 3 | Power BI,3.0,1a17367d-d1ee-4ea9-a521-7f05a3913f19,a69513b4-f4f1-470e-bf71-2d4036543c19,Jhon Velasque,0.0,2026-08-01 04:18:36.473048,True,179.0,2026-07-31 19:42:11.038633,True,True,True,OK
mblancom7@gmail.com,Marco Antonio Blanco Martinez,Power BI,Edición 3 | Power BI,3.0,1a17367d-d1ee-4ea9-a521-7f05a3913f19,a69513b4-f4f1-470e-bf71-2d4036543c19,Jhon Velasque,0.0,2026-07-30 15:05:46.667841,True,179.0,2026-07-30 14:57:13.760366,True,True,True,OK
nicollemautino@gmail.com,Nicolle Esther Mautino Borja,Power BI,Edición 3 | Power BI,3.0,1a17367d-d1ee-4ea9-a521-7f05a3913f19,a69513b4-f4f1-470e-bf71-2d4036543c19,Jhon Velasque,0.0,2026-07-28 01:58:18.300874,True,0.0,2026-07-16 23:48:44.000000,True,True,True,OK
oscar19vr@gmail.com,OSCAR MIJAIL VERA ROJAS,Power BI,Edición 3 | Power BI,3.0,1a17367d-d1ee-4ea9-a521-7f05a3913f19,a69513b4-f4f1-470e-bf71-2d4036543c19,Jhon Velasque,0.0,2026-07-30 14:23:00.491466,True,119.66666666666666,2026-07-30 04:09:05.937713,True,True,True,OK
valeriacamilahurtado@gmail.com,Valeria Camila Hurtado Vicuña,Power BI,Edición 3 | Power BI,3.0,1a17367d-d1ee-4ea9-a521-7f05a3913f19,a69513b4-f4f1-470e-bf71-2d4036543c19,Jhon Velasque,0.0,2026-08-03 13:43:35.662797,True,159.0,2026-08-03 13:42:59.456549,True,True,True,OK
alexanderjorgecastillo20@gmail.com,Alexander Jorge Castillo,SQL for Data Analyst,Edición 3 | SQL for Data Analyst,3.0,13fb3b78-8f36-427c-b4e0-de38b0e13619,a69513b4-f4f1-470e-bf71-2d4036543c19,Jhon Velasque,0.0,2026-07-29 16:35:57.618612,True,,,False,True,True,AVISO: matriculado sin pago registrado
angiemanzanoj@gmail.com,Angie Nicole Manzano Jimenez,SQL for Data Analyst,Edición 3 | SQL for Data Analyst,3.0,13fb3b78-8f36-427c-b4e0-de38b0e13619,a69513b4-f4f1-470e-bf71-2d4036543c19,Jhon Velasque,0.0,2026-08-05 04:24:00.747788,True,,,False,True,True,AVISO: matriculado sin pago registrado
hamed.98@gmail.com,Hamilton Medardo Huamán Tapia,SQL for Data Analyst,Edición 3 | SQL for Data Analyst,3.0,13fb3b78-8f36-427c-b4e0-de38b0e13619,a69513b4-f4f1-470e-bf71-2d4036543c19,Jhon Velasque,0.0,2026-08-01 21:04:00.649810,True,,,False,True,True,AVISO: matriculado sin pago registrado
jorgeauccaccollatupa@gmail.com,Jorge luis Aucca Ccollatupa,SQL for Data Analyst,Edición 3 | SQL for Data Analyst,3.0,13fb3b78-8f36-427c-b4e0-de38b0e13619,a69513b4-f4f1-470e-bf71-2d4036543c19,Jhon Velasque,0.0,2026-07-29 21:44:13.914912,True,,,False,True,True,AVISO: matriculado sin pago registrado
luis.torre.tanta2003@gmail.com,Luis Enrique Torre Tanta,SQL for Data Analyst,Edición 3 | SQL for Data Analyst,3.0,13fb3b78-8f36-427c-b4e0-de38b0e13619,a69513b4-f4f1-470e-bf71-2d4036543c19,Jhon Velasque,0.0,2026-08-01 20:50:29.809227,True,,,False,True,True,AVISO: matriculado sin pago registrado
estudiante1@gmail.com,estudiante1 ,SQL for Data Analyst,Edición 3 | SQL for Data Analyst,3.0,13fb3b78-8f36-427c-b4e0-de38b0e13619,a69513b4-f4f1-470e-bf71-2d4036543c19,Jhon Velasque,0.0,2026-08-02 22:33:17.026719,True,,,False,True,True,AVISO: matriculado sin pago registrado
alexcercado29@gmail.com,Alex Enrique Cercado Monroy,SQL for Data Analyst,Edición 3 | SQL for Data Analyst,3.0,13fb3b78-8f36-427c-b4e0-de38b0e13619,a69513b4-f4f1-470e-bf71-2d4036543c19,Jhon Velasque,0.0,2026-07-28 01:46:37.602568,True,114.5,2026-07-28 01:37:40.384346,True,True,True,OK
khaoz20624@gmail.com,Alexander Jeferson Arce Crisanto,SQL for Data Analyst,Edición 3 | SQL for Data Analyst,3.0,13fb3b78-8f36-427c-b4e0-de38b0e13619,a69513b4-f4f1-470e-bf71-2d4036543c19,Jhon Velasque,0.0,2026-07-29 03:39:02.709582,True,119.66666666666666,2026-07-29 02:46:24.453250,True,True,True,OK
alexia.umpiri@gmail.com,Alexia Michelle Arapa Umpiri,SQL for Data Analyst,Edición 3 | SQL for Data Analyst,3.0,13fb3b78-8f36-427c-b4e0-de38b0e13619,a69513b4-f4f1-470e-bf71-2d4036543c19,Jhon Velasque,0.0,2026-07-30 15:29:33.076452,True,169.0,2026-07-30 15:23:21.291223,True,True,True,OK
1921110277@untels.edu.pe,Anthony Ernesto Rojas Avalos,SQL for Data Analyst,Edición 3 | SQL for Data Analyst,3.0,13fb3b78-8f36-427c-b4e0-de38b0e13619,a69513b4-f4f1-470e-bf71-2d4036543c19,Jhon Velasque,0.0,2026-08-07 18:51:18.832191,True,179.0,2026-07-18 10:04:56.000000,True,True,True,OK
anthonyjhoanpuentecarpio@gmail.com,Anthony Jhoan Puente Carpio,SQL for Data Analyst,Edición 3 | SQL for Data Analyst,3.0,13fb3b78-8f36-427c-b4e0-de38b0e13619,a69513b4-f4f1-470e-bf71-2d4036543c19,Jhon Velasque,0.0,2026-08-07 18:24:19.992438,True,318.0,2026-08-03 23:03:15.650414,True,True,True,OK
quitoanccasiantonyrodrigo@gmail.com,Antony Rodrigo Quito Anccasi,SQL for Data Analyst,Edición 3 | SQL for Data Analyst,3.0,13fb3b78-8f36-427c-b4e0-de38b0e13619,a69513b4-f4f1-470e-bf71-2d4036543c19,Jhon Velasque,0.0,2026-07-31 03:04:43.964544,True,119.66666666666666,2026-07-31 03:01:23.967339,True,True,True,OK
ba.chambergom@alum.up.edu.pe,Benjamin Alessio Chambergo Matute,SQL for Data Analyst,Edición 3 | SQL for Data Analyst,3.0,13fb3b78-8f36-427c-b4e0-de38b0e13619,a69513b4-f4f1-470e-bf71-2d4036543c19,Jhon Velasque,0.0,2026-08-02 05:32:25.881439,True,179.0,2026-08-02 05:31:31.226726,True,True,True,OK
christian.limayalb@gmail.com,Christian Alexander Limay Albarracin,SQL for Data Analyst,Edición 3 | SQL for Data Analyst,3.0,13fb3b78-8f36-427c-b4e0-de38b0e13619,a69513b4-f4f1-470e-bf71-2d4036543c19,Jhon Velasque,0.0,2026-08-03 23:22:16.242590,True,235.66666666666666,2026-08-03 23:18:45.779829,True,True,True,OK
cristhian.duran.cayetano@gmail.com,Cristhian Angel Duran Cayetano,SQL for Data Analyst,Edición 3 | SQL for Data Analyst,3.0,13fb3b78-8f36-427c-b4e0-de38b0e13619,a69513b4-f4f1-470e-bf71-2d4036543c19,Jhon Velasque,0.0,2026-08-01 17:53:05.207593,True,199.0,2026-07-18 08:37:28.000000,True,True,True,OK
cynthia134045@gmail.com,Cynthia Paola Falero Salazar,SQL for Data Analyst,Edición 3 | SQL for Data Analyst,3.0,13fb3b78-8f36-427c-b4e0-de38b0e13619,a69513b4-f4f1-470e-bf71-2d4036543c19,Jhon Velasque,0.0,2026-07-31 05:54:14.597675,True,119.66666666666666,2026-07-31 03:31:15.173250,True,True,True,OK
diegoagameroc@gmail.com,DIEGO ANDRÉS GAMERO COTRINA,SQL for Data Analyst,Edición 3 | SQL for Data Analyst,3.0,13fb3b78-8f36-427c-b4e0-de38b0e13619,a69513b4-f4f1-470e-bf71-2d4036543c19,Jhon Velasque,0.0,2026-07-29 18:19:13.431717,True,246.0,2026-07-21 22:34:05.000000,True,True,True,OK
caparachindavid@gmail.com,David Julinho Caparachin Ricapa,SQL for Data Analyst,Edición 3 | SQL for Data Analyst,3.0,13fb3b78-8f36-427c-b4e0-de38b0e13619,a69513b4-f4f1-470e-bf71-2d4036543c19,Jhon Velasque,0.0,2026-08-07 18:27:03.615587,True,179.0,2026-08-07 18:26:22.138184,True,True,True,OK
eduardo.avalos.re@outlook.com,Eduardo Daniel Avalos Remon,SQL for Data Analyst,Edición 3 | SQL for Data Analyst,3.0,13fb3b78-8f36-427c-b4e0-de38b0e13619,a69513b4-f4f1-470e-bf71-2d4036543c19,Jhon Velasque,0.0,2026-08-01 04:34:00.100875,True,119.66666666666666,2026-08-01 04:28:25.925646,True,True,True,OK
e.edynina.h@gmail.com,Edy Enrique Nina Huillca,SQL for Data Analyst,Edición 3 | SQL for Data Analyst,3.0,13fb3b78-8f36-427c-b4e0-de38b0e13619,a69513b4-f4f1-470e-bf71-2d4036543c19,Jhon Velasque,0.0,2026-07-31 05:35:55.474575,True,202.33333333333334,2026-07-31 03:41:01.759243,True,True,True,OK
kaisamedinag@gmail.com,Especialización de Data Analyst,SQL for Data Analyst,Edición 3 | SQL for Data Analyst,3.0,13fb3b78-8f36-427c-b4e0-de38b0e13619,a69513b4-f4f1-470e-bf71-2d4036543c19,Jhon Velasque,0.0,2026-07-31 03:00:50.750816,True,252.33333333333334,2026-07-30 23:39:36.764268,True,True,True,OK
fernand0guzfer547@gmail.com,Fernando Jose Guzman Fernandez,SQL for Data Analyst,Edición 3 | SQL for Data Analyst,3.0,13fb3b78-8f36-427c-b4e0-de38b0e13619,a69513b4-f4f1-470e-bf71-2d4036543c19,Jhon Velasque,0.0,2026-07-28 03:00:23.237289,True,265.6666666666667,2026-07-28 02:58:10.433655,True,True,True,OK
francardenasavalos@gmail.com,Francisco Pedro Cardenas Avalos,SQL for Data Analyst,Edición 3 | SQL for Data Analyst,3.0,13fb3b78-8f36-427c-b4e0-de38b0e13619,a69513b4-f4f1-470e-bf71-2d4036543c19,Jhon Velasque,0.0,2026-08-01 04:24:17.970402,True,219.0,2026-08-01 04:23:26.751451,True,True,True,OK
henryelcr@gmail.com,HENRY GANBERTI SANTA CRUZ BRAMON,SQL for Data Analyst,Edición 3 | SQL for Data Analyst,3.0,13fb3b78-8f36-427c-b4e0-de38b0e13619,a69513b4-f4f1-470e-bf71-2d4036543c19,Jhon Velasque,0.0,2026-07-31 18:40:20.602447,True,159.5,2026-07-31 18:38:59.238453,True,True,True,OK
josevalebboy@gmail.com,JOSE ARMANDO VALERIANO QUISPE,SQL for Data Analyst,Edición 3 | SQL for Data Analyst,3.0,13fb3b78-8f36-427c-b4e0-de38b0e13619,a69513b4-f4f1-470e-bf71-2d4036543c19,Jhon Velasque,0.0,2026-08-04 03:36:47.356307,True,464.6666666666667,2026-07-20 23:14:27.000000,True,True,True,OK
972847175campo@gmail.com,Joseluis Antonio Campo Bocanegra,SQL for Data Analyst,Edición 3 | SQL for Data Analyst,3.0,13fb3b78-8f36-427c-b4e0-de38b0e13619,a69513b4-f4f1-470e-bf71-2d4036543c19,Jhon Velasque,0.0,2026-07-30 00:35:48.497369,True,150.0,2026-07-15 22:49:16.000000,True,True,True,OK
jsaldarriagajauregui@gmail.com,José Angel Saldarriaga Jauregui,SQL for Data Analyst,Edición 3 | SQL for Data Analyst,3.0,13fb3b78-8f36-427c-b4e0-de38b0e13619,a69513b4-f4f1-470e-bf71-2d4036543c19,Jhon Velasque,0.0,2026-07-31 03:14:03.861442,True,157.58333333333334,2026-07-30 23:57:30.993501,True,True,True,OK
wspulloalucero5@gmail.com,Lucero Alicia Ulloa Mallaopoma,SQL for Data Analyst,Edición 3 | SQL for Data Analyst,3.0,13fb3b78-8f36-427c-b4e0-de38b0e13619,a69513b4-f4f1-470e-bf71-2d4036543c19,Jhon Velasque,22.0,2026-08-02 23:11:25.497502,True,169.0,2026-08-02 22:08:02.750196,True,True,True,OK
oliveraluis2112@gmail.com,Luis Enrique Olivera García,SQL for Data Analyst,Edición 3 | SQL for Data Analyst,3.0,13fb3b78-8f36-427c-b4e0-de38b0e13619,a69513b4-f4f1-470e-bf71-2d4036543c19,Jhon Velasque,0.0,2026-08-04 14:52:09.838356,True,252.33333333333334,2026-08-04 14:51:00.274747,True,True,True,OK
castrovidartemabelnayeli@gmail.com,Mabel Nayeli Rima Castro Vidarte,SQL for Data Analyst,Edición 3 | SQL for Data Analyst,3.0,13fb3b78-8f36-427c-b4e0-de38b0e13619,a69513b4-f4f1-470e-bf71-2d4036543c19,Jhon Velasque,0.0,2026-08-02 19:56:43.233887,True,169.0,2026-07-20 21:11:55.000000,True,True,True,OK
alfredchma@gmail.com,Mauricio Alfredo Choque Valdivia,SQL for Data Analyst,Edición 3 | SQL for Data Analyst,3.0,13fb3b78-8f36-427c-b4e0-de38b0e13619,a69513b4-f4f1-470e-bf71-2d4036543c19,Jhon Velasque,0.0,2026-08-05 20:14:38.513993,True,119.66666666666666,2026-08-02 20:15:22.175915,True,True,True,OK
miguel.quintana2@unmsm.edu.pe,Miguel Angel Quintana Lopez,SQL for Data Analyst,Edición 3 | SQL for Data Analyst,3.0,13fb3b78-8f36-427c-b4e0-de38b0e13619,a69513b4-f4f1-470e-bf71-2d4036543c19,Jhon Velasque,0.0,2026-07-31 19:13:24.165957,True,86.33333333333333,2026-07-31 19:09:42.976814,True,True,True,OK
nicollemautino@gmail.com,Nicolle Esther Mautino Borja,SQL for Data Analyst,Edición 3 | SQL for Data Analyst,3.0,13fb3b78-8f36-427c-b4e0-de38b0e13619,a69513b4-f4f1-470e-bf71-2d4036543c19,Jhon Velasque,0.0,2026-07-28 01:58:14.726139,True,0.0,2026-07-16 23:48:44.000000,True,True,True,OK
oscar19vr@gmail.com,OSCAR MIJAIL VERA ROJAS,SQL for Data Analyst,Edición 3 | SQL for Data Analyst,3.0,13fb3b78-8f36-427c-b4e0-de38b0e13619,a69513b4-f4f1-470e-bf71-2d4036543c19,Jhon Velasque,0.0,2026-07-30 14:22:55.021882,True,119.66666666666666,2026-07-30 04:09:05.937713,True,True,True,OK
obed.chavez.c@uni.pe,Obed Andres Chavez Chambilla,SQL for Data Analyst,Edición 3 | SQL for Data Analyst,3.0,13fb3b78-8f36-427c-b4e0-de38b0e13619,a69513b4-f4f1-470e-bf71-2d4036543c19,Jhon Velasque,0.0,2026-08-01 20:36:47.883948,True,164.5,2026-08-01 20:27:41.843006,True,True,True,OK
paul.quiroz.a@uni.pe,Paúl Quiroz Alva,SQL for Data Analyst,Edición 3 | SQL for Data Analyst,3.0,13fb3b78-8f36-427c-b4e0-de38b0e13619,a69513b4-f4f1-470e-bf71-2d4036543c19,Jhon Velasque,0.0,2026-07-30 19:30:51.340647,True,119.66666666666666,2026-07-30 19:21:26.290233,True,True,True,OK
mateopieroaldair@gmail.com,Piero Aldair Mateo Tito,SQL for Data Analyst,Edición 3 | SQL for Data Analyst,3.0,13fb3b78-8f36-427c-b4e0-de38b0e13619,a69513b4-f4f1-470e-bf71-2d4036543c19,Jhon Velasque,0.0,2026-07-28 02:00:55.286812,True,159.5,2026-07-28 01:59:19.532587,True,True,True,OK
aldanap.sebastian@gmail.com,Sebastian Aldana Pachas,SQL for Data Analyst,Edición 3 | SQL for Data Analyst,3.0,13fb3b78-8f36-427c-b4e0-de38b0e13619,a69513b4-f4f1-470e-bf71-2d4036543c19,Jhon Velasque,0.0,2026-08-02 05:20:49.065713,True,235.66666666666666,2026-08-02 05:18:54.106333,True,True,True,OK
sebastian.vc.0820@gmail.com,Sebastian Vicente Curiñaupa,SQL for Data Analyst,Edición 3 | SQL for Data Analyst,3.0,13fb3b78-8f36-427c-b4e0-de38b0e13619,a69513b4-f4f1-470e-bf71-2d4036543c19,Jhon Velasque,0.0,2026-08-03 23:53:21.214744,True,33.333333333333336,2026-08-03 23:50:34.355340,True,True,True,OK
valeria2ureta6@gmail.com,Valeria Thais Ureta Llanque,SQL for Data Analyst,Edición 3 | SQL for Data Analyst,3.0,13fb3b78-8f36-427c-b4e0-de38b0e13619,a69513b4-f4f1-470e-bf71-2d4036543c19,Jhon Velasque,0.0,2026-08-07 00:16:57.479483,True,179.0,2026-08-07 00:16:05.423318,True,True,True,OK
wfloreshuaytalla@gmail.com,WILLIAM AARON FLORES HUAYTALLA,SQL for Data Analyst,Edición 3 | SQL for Data Analyst,3.0,13fb3b78-8f36-427c-b4e0-de38b0e13619,a69513b4-f4f1-470e-bf71-2d4036543c19,Jhon Velasque,0.0,2026-07-29 19:43:11.788537,True,149.0,2026-07-29 20:49:26.816980,True,True,True,OK
yampiermq07@gmail.com,Yampier Marcelo Quispe,SQL for Data Analyst,Edición 3 | SQL for Data Analyst,3.0,13fb3b78-8f36-427c-b4e0-de38b0e13619,a69513b4-f4f1-470e-bf71-2d4036543c19,Jhon Velasque,0.0,2026-07-29 17:36:21.979864,True,109.0,2026-07-29 17:26:46.313733,True,True,True,OK
jeanvelasque75@gmail.com,jhon carlos jea paul velasque,SQL for Data Analyst,Edición 3 | SQL for Data Analyst,3.0,13fb3b78-8f36-427c-b4e0-de38b0e13619,a69513b4-f4f1-470e-bf71-2d4036543c19,Jhon Velasque,0.0,2026-07-27 02:30:14.176451,True,0.0,2026-07-26 16:53:24.746566,True,True,True,OK
valentinsebastian540@gmail.com,sebastian Valentín Malpartida,SQL for Data Analyst,Edición 3 | SQL for Data Analyst,3.0,13fb3b78-8f36-427c-b4e0-de38b0e13619,a69513b4-f4f1-470e-bf71-2d4036543c19,Jhon Velasque,0.0,2026-08-03 00:42:04.253075,True,236.33333333333334,2026-08-03 00:39:08.603761,True,True,True,OK
