id_pago,email,nombre_alumno,estado,fec_pago,mnt_pago,mnt_plan_total,des_cursos_matriculados,opcion_pago,canal,dni,id_usuario,des_curso_canonico,flg_combo,num_cursos_pago,mnt_unitario_promedio,des_profesor
4aceb54c-7a58-4c07-845c-a4f5d7921b7b,bryanbv2697@gmail.com,Bryan Fernando Barba Vargas,APPROVED,2026-07-06 18:10:45.000000,179.0,169.0,Power BI Basico-Intermedio,,Desconocido,,cb35b780-8bcf-44ca-a78a-56da0978397c,Power BI,False,1,179.0,junior candela
54b4fffc-d51e-4ee3-a6a3-7fa1ac9c2f0b,jorgeauccaccollatupa@gmail.com,Jorge luis Aucca Ccollatupa,APPROVED,2026-07-29 21:39:52.995913,159.0,169.0,SQL for data Enginier,,Titktok,70377466,15da78f8-7c2c-4954-a921-881ba65b4f81,SQL for Data Engineer,False,1,159.0,(sin asignar)
47806ba9-c933-4b45-8fb6-f84cc10da091,jsaldarriagajauregui@gmail.com,José Angel Saldarriaga Jauregui,APPROVED,2026-07-30 23:57:30.993501,497.0,529.0,"SQL for data Analyst, Power BI Basico-Intermedio, Python for data Analyst, Excel for data Analyst",,Youtube,75011045,2bac7a40-821e-4367-a14a-766604001fd3,SQL for Data Analyst,False,4,124.25,jordan delacruz
47806ba9-c933-4b45-8fb6-f84cc10da091,jsaldarriagajauregui@gmail.com,José Angel Saldarriaga Jauregui,APPROVED,2026-07-30 23:57:30.993501,497.0,529.0,"SQL for data Analyst, Power BI Basico-Intermedio, Python for data Analyst, Excel for data Analyst",,Youtube,75011045,2bac7a40-821e-4367-a14a-766604001fd3,Power BI,False,4,124.25,junior candela
47806ba9-c933-4b45-8fb6-f84cc10da091,jsaldarriagajauregui@gmail.com,José Angel Saldarriaga Jauregui,APPROVED,2026-07-30 23:57:30.993501,497.0,529.0,"SQL for data Analyst, Power BI Basico-Intermedio, Python for data Analyst, Excel for data Analyst",,Youtube,75011045,2bac7a40-821e-4367-a14a-766604001fd3,Python for Data Analyst,False,4,124.25,Jhon Velasque
47806ba9-c933-4b45-8fb6-f84cc10da091,jsaldarriagajauregui@gmail.com,José Angel Saldarriaga Jauregui,APPROVED,2026-07-30 23:57:30.993501,497.0,529.0,"SQL for data Analyst, Power BI Basico-Intermedio, Python for data Analyst, Excel for data Analyst",,Youtube,75011045,2bac7a40-821e-4367-a14a-766604001fd3,Excel for Data Analyst,False,4,124.25,daniel surichaque
ad58adc1-5b96-482e-a66f-263b3f3e7ff2,miguel.quintana2@unmsm.edu.pe,Miguel Angel Quintana Lopez,APPROVED,2026-07-31 19:09:42.976814,259.0,788.0,Especialización de Data Analyst,Opción 2: Pago en 2 cuotas (S/100 + S/299 + S/389),Youtube,74726516,120e6d78-0b74-40a2-add6-a6a8d119c227,Excel for Data Analyst,True,3,86.33333333333333,daniel surichaque
ad58adc1-5b96-482e-a66f-263b3f3e7ff2,miguel.quintana2@unmsm.edu.pe,Miguel Angel Quintana Lopez,APPROVED,2026-07-31 19:09:42.976814,259.0,788.0,Especialización de Data Analyst,Opción 2: Pago en 2 cuotas (S/100 + S/299 + S/389),Youtube,74726516,120e6d78-0b74-40a2-add6-a6a8d119c227,SQL for Data Analyst,True,3,86.33333333333333,jordan delacruz
ad58adc1-5b96-482e-a66f-263b3f3e7ff2,miguel.quintana2@unmsm.edu.pe,Miguel Angel Quintana Lopez,APPROVED,2026-07-31 19:09:42.976814,259.0,788.0,Especialización de Data Analyst,Opción 2: Pago en 2 cuotas (S/100 + S/299 + S/389),Youtube,74726516,120e6d78-0b74-40a2-add6-a6a8d119c227,Power BI,True,3,86.33333333333333,junior candela
71c6c18b-e466-4fea-8a85-18db9c5dbb91,hamed_ancel@hotmail.com,Hamilton Medardo Huamán Tapia,APPROVED,2026-08-01 21:03:06.151901,399.0,817.0,Especialización de Data Analyst,Opción 3: Pago en 3 cuotas (S/100 + S/299 + S/209 + S/209),Youtube,40944363,8d0b6a84-e9ad-4b66-869e-89ac958f4458,Excel for Data Analyst,True,3,133.0,daniel surichaque
71c6c18b-e466-4fea-8a85-18db9c5dbb91,hamed_ancel@hotmail.com,Hamilton Medardo Huamán Tapia,APPROVED,2026-08-01 21:03:06.151901,399.0,817.0,Especialización de Data Analyst,Opción 3: Pago en 3 cuotas (S/100 + S/299 + S/209 + S/209),Youtube,40944363,8d0b6a84-e9ad-4b66-869e-89ac958f4458,SQL for Data Analyst,True,3,133.0,jordan delacruz
71c6c18b-e466-4fea-8a85-18db9c5dbb91,hamed_ancel@hotmail.com,Hamilton Medardo Huamán Tapia,APPROVED,2026-08-01 21:03:06.151901,399.0,817.0,Especialización de Data Analyst,Opción 3: Pago en 3 cuotas (S/100 + S/299 + S/209 + S/209),Youtube,40944363,8d0b6a84-e9ad-4b66-869e-89ac958f4458,Power BI,True,3,133.0,junior candela
9b7e325d-423b-4dc0-957f-cd57dd5f0973,etorre.tanta@gmail.com,Luis Enrique Torre Tanta,APPROVED,2026-08-01 20:42:21.844750,259.0,788.0,Especialización de Data Analyst,Opción 2: Pago en 2 cuotas (S/100 + S/299 + S/389),Titktok,70505359,fe85d5ef-5819-4be7-a0f4-7cbc7d7ed29d,Excel for Data Analyst,True,3,86.33333333333333,daniel surichaque
9b7e325d-423b-4dc0-957f-cd57dd5f0973,etorre.tanta@gmail.com,Luis Enrique Torre Tanta,APPROVED,2026-08-01 20:42:21.844750,259.0,788.0,Especialización de Data Analyst,Opción 2: Pago en 2 cuotas (S/100 + S/299 + S/389),Titktok,70505359,fe85d5ef-5819-4be7-a0f4-7cbc7d7ed29d,SQL for Data Analyst,True,3,86.33333333333333,jordan delacruz
9b7e325d-423b-4dc0-957f-cd57dd5f0973,etorre.tanta@gmail.com,Luis Enrique Torre Tanta,APPROVED,2026-08-01 20:42:21.844750,259.0,788.0,Especialización de Data Analyst,Opción 2: Pago en 2 cuotas (S/100 + S/299 + S/389),Titktok,70505359,fe85d5ef-5819-4be7-a0f4-7cbc7d7ed29d,Power BI,True,3,86.33333333333333,junior candela
0a250b7c-28e7-4e6c-8cf7-5f70914563e5,alanrauljq17@gmail.com,Alan Raul Jimenez Quispe,APPROVED,2026-07-30 00:51:48.912118,0.0,169.0,Excel for data Analyst,,Titktok,70694898,,Excel for Data Analyst,False,1,0.0,daniel surichaque
ad5841b9-dad3-4fc3-81bb-b849b8ceabd7,972847175campo@gmail.com,Joseluis Antonio Campo Bocanegra,APPROVED,2026-07-12 21:46:11.000000,169.0,169.0,Excel for data Analyst,,Desconocido,,64289635-01f9-4e5c-99c2-0f6c38cc0315,Excel for Data Analyst,False,1,169.0,daniel surichaque
ef320147-4e7b-416e-a321-475c2f36dded,arathhh123@gmail.com,Martin Arath Taboada Rivera,APPROVED,2026-07-11 14:20:13.000000,169.0,169.0,SQL for data Enginier,,Desconocido,,5b1c23b4-92c5-40b1-85cd-9d490465b465,SQL for Data Engineer,False,1,169.0,(sin asignar)
914c2b97-fe35-4ff6-8f9c-4ef2a0db7228,centenochurampijesmarhernan@gmail.com,Jesmar Hernan Centeno Churampi,APPROVED,2026-07-11 13:11:48.000000,169.0,169.0,Power BI Basico-Intermedio,,Desconocido,,41d099ff-fa01-4a06-a658-a3fe6c55dbbc,Power BI,False,1,169.0,junior candela
84ce431a-cc47-4ca1-90c4-2bc229d34fa7,anthonyjhoanpuentecarpio@gmail.com,Anthony Jhoan Puente Carpio,APPROVED,2026-07-08 22:13:57.000000,159.0,169.0,SQL for data Analyst,,Desconocido,,770af7f9-7dee-47b2-ad13-a7f328ee6af3,SQL for Data Analyst,False,1,159.0,jordan delacruz
a3816306-0539-47d5-a569-f51fc012a6b3,daviiidramirezrosales@gmail.com,David Gianfranco Ramirez Rosales,APPROVED,2026-07-08 19:56:02.000000,169.0,169.0,SQL for data Enginier,,Desconocido,,5d8e58fb-0a55-4696-98c5-f84065726df1,SQL for Data Engineer,False,1,169.0,(sin asignar)
4ead6df3-cb72-4099-99ea-83b684e209ad,danielvizcar@gmail.com,Daniel Vizcardo Cruz,APPROVED,2026-08-01 21:09:18.426028,169.0,169.0,Excel for data Analyst,,Instagram,46899032,5f5ffb3b-798a-4af7-b459-4122d055ef41,Excel for Data Analyst,False,1,169.0,daniel surichaque
cf0e2014-636d-4e47-8672-7f34641bf06b,edujuegos31245@gmail.com,EDU JOSEPH SANCHEZ GOTEA,APPROVED,2026-07-11 10:48:29.000000,179.0,169.0,Excel for data Analyst,,Desconocido,,69034bc6-7b57-470a-bbd0-d61810a9f2ac,Excel for Data Analyst,False,1,179.0,daniel surichaque
3b9c9c07-9e0e-43b5-b091-25eb4f71bda4,josevalebboy@gmail.com,JOSE ARMANDO VALERIANO QUISPE,APPROVED,2026-07-15 23:14:27.000000,697.0,757.0,Especialización de Data Analyst,Opción 1: Pago al contado,Desconocido,,fe4fdb46-fb10-4f69-b21d-97ee2e222300,Excel for Data Analyst,True,3,232.33333333333334,daniel surichaque
3b9c9c07-9e0e-43b5-b091-25eb4f71bda4,josevalebboy@gmail.com,JOSE ARMANDO VALERIANO QUISPE,APPROVED,2026-07-15 23:14:27.000000,697.0,757.0,Especialización de Data Analyst,Opción 1: Pago al contado,Desconocido,,fe4fdb46-fb10-4f69-b21d-97ee2e222300,SQL for Data Analyst,True,3,232.33333333333334,jordan delacruz
3b9c9c07-9e0e-43b5-b091-25eb4f71bda4,josevalebboy@gmail.com,JOSE ARMANDO VALERIANO QUISPE,APPROVED,2026-07-15 23:14:27.000000,697.0,757.0,Especialización de Data Analyst,Opción 1: Pago al contado,Desconocido,,fe4fdb46-fb10-4f69-b21d-97ee2e222300,Power BI,True,3,232.33333333333334,junior candela
ac75cff5-1c76-410c-ac47-3b5325a7ec60,josevalebboy@gmail.com,JOSE ARMANDO VALERIANO QUISPE,APPROVED,2026-07-20 23:14:27.000000,697.0,757.0,Especialización de Data Analyst,Opción 1: Pago al contado,Desconocido,,fe4fdb46-fb10-4f69-b21d-97ee2e222300,Excel for Data Analyst,True,3,232.33333333333334,daniel surichaque
ac75cff5-1c76-410c-ac47-3b5325a7ec60,josevalebboy@gmail.com,JOSE ARMANDO VALERIANO QUISPE,APPROVED,2026-07-20 23:14:27.000000,697.0,757.0,Especialización de Data Analyst,Opción 1: Pago al contado,Desconocido,,fe4fdb46-fb10-4f69-b21d-97ee2e222300,SQL for Data Analyst,True,3,232.33333333333334,jordan delacruz
ac75cff5-1c76-410c-ac47-3b5325a7ec60,josevalebboy@gmail.com,JOSE ARMANDO VALERIANO QUISPE,APPROVED,2026-07-20 23:14:27.000000,697.0,757.0,Especialización de Data Analyst,Opción 1: Pago al contado,Desconocido,,fe4fdb46-fb10-4f69-b21d-97ee2e222300,Power BI,True,3,232.33333333333334,junior candela
8b070fb1-54b3-41a9-9557-59c61ab9c22e,jeanvelasque75@gmail.com,jhon carlos jea paul velasque,APPROVED,2026-07-26 16:53:24.746566,0.0,,"Python for data Analyst, SQL for data Analyst",,Titktok,72792539,cc1fddbd-8409-4cd2-9f40-4c6f0aa63cfb,Python for Data Analyst,False,2,0.0,Jhon Velasque
8b070fb1-54b3-41a9-9557-59c61ab9c22e,jeanvelasque75@gmail.com,jhon carlos jea paul velasque,APPROVED,2026-07-26 16:53:24.746566,0.0,,"Python for data Analyst, SQL for data Analyst",,Titktok,72792539,cc1fddbd-8409-4cd2-9f40-4c6f0aa63cfb,SQL for Data Analyst,False,2,0.0,jordan delacruz
7eeaba4d-2cc9-4bec-aa49-0bafc11ab96d,adrianchuchullo@gmail.com,Adrian Chuchullo Rumi,APPROVED,2026-07-19 20:47:22.000000,319.0,279.0,"SQL for data Analyst, Power BI Basico-Intermedio",,Desconocido,,b0fc25c6-7dd5-4b1e-9c40-e2191ac28339,SQL for Data Analyst,False,2,159.5,jordan delacruz
7eeaba4d-2cc9-4bec-aa49-0bafc11ab96d,adrianchuchullo@gmail.com,Adrian Chuchullo Rumi,APPROVED,2026-07-19 20:47:22.000000,319.0,279.0,"SQL for data Analyst, Power BI Basico-Intermedio",,Desconocido,,b0fc25c6-7dd5-4b1e-9c40-e2191ac28339,Power BI,False,2,159.5,junior candela
5962ee03-d808-4f8d-a7c1-a1f621ed7656,nicollemautino@gmail.com,Nicolle Esther Mautino Borja,APPROVED,2026-07-16 23:48:44.000000,0.0,757.0,Especialización de Data Analyst,Opción 1: Pago al contado,Desconocido,,93766510-7667-4840-b7d0-e9ac42418021,Excel for Data Analyst,True,3,0.0,daniel surichaque
5962ee03-d808-4f8d-a7c1-a1f621ed7656,nicollemautino@gmail.com,Nicolle Esther Mautino Borja,APPROVED,2026-07-16 23:48:44.000000,0.0,757.0,Especialización de Data Analyst,Opción 1: Pago al contado,Desconocido,,93766510-7667-4840-b7d0-e9ac42418021,SQL for Data Analyst,True,3,0.0,jordan delacruz
5962ee03-d808-4f8d-a7c1-a1f621ed7656,nicollemautino@gmail.com,Nicolle Esther Mautino Borja,APPROVED,2026-07-16 23:48:44.000000,0.0,757.0,Especialización de Data Analyst,Opción 1: Pago al contado,Desconocido,,93766510-7667-4840-b7d0-e9ac42418021,Power BI,True,3,0.0,junior candela
f1ea30a3-4885-46c1-8f74-27ca6da8423d,velizmajo28@gmail.com,María José Veliz de la Cruz,APPROVED,2026-07-19 15:52:12.000000,319.0,279.0,"SQL for data Analyst, Excel for data Analyst",,Desconocido,,1b6aa698-9e3f-4ed4-862e-e34d9533b4ef,SQL for Data Analyst,False,2,159.5,jordan delacruz
f1ea30a3-4885-46c1-8f74-27ca6da8423d,velizmajo28@gmail.com,María José Veliz de la Cruz,APPROVED,2026-07-19 15:52:12.000000,319.0,279.0,"SQL for data Analyst, Excel for data Analyst",,Desconocido,,1b6aa698-9e3f-4ed4-862e-e34d9533b4ef,Excel for Data Analyst,False,2,159.5,daniel surichaque
01b24390-2bdb-4250-ac6c-64335c12a979,1921110277@untels.edu.pe,Anthony Ernesto Rojas Avalos,APPROVED,2026-07-18 10:04:56.000000,179.0,169.0,SQL for data Analyst,,Desconocido,,f1fa282b-10d6-42b8-b8be-9512d0860d57,SQL for Data Analyst,False,1,179.0,jordan delacruz
eb1e812c-bab4-4990-be6e-16b528176e9f,angelo78107102@gmail.com,ANGELO JUAN SANCHEZ FLORES,APPROVED,2026-07-20 13:06:41.000000,179.0,169.0,SQL for data Enginier,,Desconocido,,f93b930e-2307-4b55-ad13-dfc6442aa8bc,SQL for Data Engineer,False,1,179.0,(sin asignar)
3220b9bf-9aed-4a44-acc4-d90c5ef081c3,cristhian.duran.cayetano@gmail.com,Cristhian Angel Duran Cayetano,APPROVED,2026-07-18 08:37:28.000000,597.0,757.0,Especialización de Data Analyst,Opción 1: Pago al contado,Desconocido,,63bd1312-e803-4848-bd20-14605978df0e,Excel for Data Analyst,True,3,199.0,daniel surichaque
3220b9bf-9aed-4a44-acc4-d90c5ef081c3,cristhian.duran.cayetano@gmail.com,Cristhian Angel Duran Cayetano,APPROVED,2026-07-18 08:37:28.000000,597.0,757.0,Especialización de Data Analyst,Opción 1: Pago al contado,Desconocido,,63bd1312-e803-4848-bd20-14605978df0e,SQL for Data Analyst,True,3,199.0,jordan delacruz
3220b9bf-9aed-4a44-acc4-d90c5ef081c3,cristhian.duran.cayetano@gmail.com,Cristhian Angel Duran Cayetano,APPROVED,2026-07-18 08:37:28.000000,597.0,757.0,Especialización de Data Analyst,Opción 1: Pago al contado,Desconocido,,63bd1312-e803-4848-bd20-14605978df0e,Power BI,True,3,199.0,junior candela
48d7eb59-0b7b-41b4-932a-3d3e3a435ce3,merlinrojasa@gmail.com,Merlin Rojas Abanto,APPROVED,2026-07-16 23:48:51.000000,757.0,757.0,Especialización de Data Analyst,Opción 1: Pago al contado,Desconocido,,c8f38912-89d2-48e0-8dba-fb6bdcb5359a,Excel for Data Analyst,True,3,252.33333333333334,daniel surichaque
48d7eb59-0b7b-41b4-932a-3d3e3a435ce3,merlinrojasa@gmail.com,Merlin Rojas Abanto,APPROVED,2026-07-16 23:48:51.000000,757.0,757.0,Especialización de Data Analyst,Opción 1: Pago al contado,Desconocido,,c8f38912-89d2-48e0-8dba-fb6bdcb5359a,SQL for Data Analyst,True,3,252.33333333333334,jordan delacruz
48d7eb59-0b7b-41b4-932a-3d3e3a435ce3,merlinrojasa@gmail.com,Merlin Rojas Abanto,APPROVED,2026-07-16 23:48:51.000000,757.0,757.0,Especialización de Data Analyst,Opción 1: Pago al contado,Desconocido,,c8f38912-89d2-48e0-8dba-fb6bdcb5359a,Power BI,True,3,252.33333333333334,junior candela
dde319bb-db70-48a6-bd89-792b843fd4e1,oscar19vr@gmail.com,OSCAR MIJAIL VERA ROJAS,APPROVED,2026-07-30 04:09:05.937713,259.0,788.0,Especialización de Data Analyst,Opción 2: Pago en 2 cuotas (S/100 + S/299 + S/389),Linkedint,75924222,fd8f97e1-8fa2-49f8-b2d6-3f1be0cf038f,Excel for Data Analyst,True,3,86.33333333333333,daniel surichaque
dde319bb-db70-48a6-bd89-792b843fd4e1,oscar19vr@gmail.com,OSCAR MIJAIL VERA ROJAS,APPROVED,2026-07-30 04:09:05.937713,259.0,788.0,Especialización de Data Analyst,Opción 2: Pago en 2 cuotas (S/100 + S/299 + S/389),Linkedint,75924222,fd8f97e1-8fa2-49f8-b2d6-3f1be0cf038f,SQL for Data Analyst,True,3,86.33333333333333,jordan delacruz
dde319bb-db70-48a6-bd89-792b843fd4e1,oscar19vr@gmail.com,OSCAR MIJAIL VERA ROJAS,APPROVED,2026-07-30 04:09:05.937713,259.0,788.0,Especialización de Data Analyst,Opción 2: Pago en 2 cuotas (S/100 + S/299 + S/389),Linkedint,75924222,fd8f97e1-8fa2-49f8-b2d6-3f1be0cf038f,Power BI,True,3,86.33333333333333,junior candela
7bde28ea-0fa1-4582-a4d9-95eb39ceb0e9,merinojames@hotmail.com,James Rolando Merino Colcas,APPROVED,2026-07-25 23:23:15.000000,149.0,169.0,Python for data Analyst,,Desconocido,,188ad9b1-361a-4556-9691-ed4f645ef86b,Python for Data Analyst,False,1,149.0,Jhon Velasque
9e487ce4-8dcf-44b0-8af1-bc9abc32a6cc,meli231144@gmail.com,Melissa Katherine Ponce Fernández,APPROVED,2026-07-06 13:19:41.000000,169.0,169.0,Excel for data Analyst,,Desconocido,,ef43a4a9-c5c7-4483-ac09-2f0981ad1ebe,Excel for Data Analyst,False,1,169.0,daniel surichaque
cc51fac7-6b42-4ba1-971e-8a7f053615de,972847175campo@gmail.com,Joseluis Antonio Campo Bocanegra,APPROVED,2026-07-15 22:49:16.000000,150.0,169.0,SQL for data Analyst,,Desconocido,,64289635-01f9-4e5c-99c2-0f6c38cc0315,SQL for Data Analyst,False,1,150.0,jordan delacruz
20fda6fc-4811-46d0-a038-b83594da7f20,valerajeanpier26@gmail.com,Jeanpier Michaelson Valera Yana,APPROVED,2026-07-18 11:03:35.000000,99.0,169.0,Excel for data Analyst,,Desconocido,,53ff0875-13f8-4948-88a0-a5563b8271fd,Excel for Data Analyst,False,1,99.0,daniel surichaque
4dbc25e1-4f90-4c4e-8232-1b110024b250,cusidiego291@gmail.com,Diego Oswaldo Cusi Ccaihuari,APPROVED,2026-07-21 08:35:51.999000,169.0,169.0,Excel for data Analyst,,Desconocido,,2ba56c92-a4ab-427c-b812-30e288e59ca8,Excel for Data Analyst,False,1,169.0,daniel surichaque
537a830b-0d0b-4cb0-9104-975b18d6c553,diegoagameroc@gmail.com,DIEGO ANDRÉS GAMERO COTRINA,APPROVED,2026-07-16 22:34:05.000000,369.0,788.0,Especialización de Data Analyst,Opción 2: Pago en 2 cuotas,Desconocido,,70911b3e-5b1c-4276-950b-0d42e89163b7,Excel for Data Analyst,True,3,123.0,daniel surichaque
537a830b-0d0b-4cb0-9104-975b18d6c553,diegoagameroc@gmail.com,DIEGO ANDRÉS GAMERO COTRINA,APPROVED,2026-07-16 22:34:05.000000,369.0,788.0,Especialización de Data Analyst,Opción 2: Pago en 2 cuotas,Desconocido,,70911b3e-5b1c-4276-950b-0d42e89163b7,SQL for Data Analyst,True,3,123.0,jordan delacruz
537a830b-0d0b-4cb0-9104-975b18d6c553,diegoagameroc@gmail.com,DIEGO ANDRÉS GAMERO COTRINA,APPROVED,2026-07-16 22:34:05.000000,369.0,788.0,Especialización de Data Analyst,Opción 2: Pago en 2 cuotas,Desconocido,,70911b3e-5b1c-4276-950b-0d42e89163b7,Power BI,True,3,123.0,junior candela
2cbf6777-8293-4874-af72-5efe0a83c9f2,angelgabrielpachecosalas@gmail.com,Angel Gabriel Pacheco Salas,APPROVED,2026-08-01 00:17:21.511980,159.0,169.0,Power BI Basico-Intermedio,,Titktok,74087820,21929836-ea5d-4c7d-9abe-b2d2d48accb0,Power BI,False,1,159.0,junior candela
d90c5cd7-2b8b-43ba-9687-2dbb3ee8dfb6,castrovidartemabelnayeli@gmail.com,Mabel Nayeli Rima Castro Vidarte,APPROVED,2026-07-20 21:11:55.000000,169.0,169.0,SQL for data Analyst,,Desconocido,,52c71f38-ba68-4765-86ec-b8aa5b0625a8,SQL for Data Analyst,False,1,169.0,jordan delacruz
008fd13d-cd77-4bf6-ac69-ccf047e0aefa,meli231144@gmail.com,Melissa Katherine Ponce Fernández,APPROVED,2026-07-26 15:54:34.326500,169.0,169.0,SQL for data Analyst,,Titktok,75896988,ef43a4a9-c5c7-4483-ac09-2f0981ad1ebe,SQL for Data Analyst,False,1,169.0,jordan delacruz
784f8009-1629-4583-9aba-b9a03524fa43,mblancom7@gmail.com,Marco Antonio Blanco Martinez,APPROVED,2026-07-30 14:57:13.760366,129.0,169.0,Power BI Basico-Intermedio,,Titktok,43597487,509c1e50-5736-4a26-a4c4-b9d85fd9a249,Power BI,False,1,129.0,junior candela
57cae4db-eaa8-4650-929f-df0e28d19a48,luistrujilloc96@gmail.com,Luis Jaime Manuel Trujillo Carrasco,APPROVED,2026-07-31 19:42:11.038633,179.0,169.0,Power BI Basico-Intermedio,,Titktok,74397510,4eae7494-04e6-4cea-8297-517295700b40,Power BI,False,1,179.0,junior candela
6bfe38fa-6a05-4a58-82d6-883bb2756ac8,eduardo.avalos.re@outlook.com,Eduardo Daniel Avalos Remon,APPROVED,2026-08-01 04:28:25.925646,259.0,788.0,Especialización de Data Analyst,Opción 2: Pago en 2 cuotas (S/100 + S/299 + S/389),Titktok,74656135,87955696-d368-4fdb-9a6b-e48f7aae8f58,Excel for Data Analyst,True,3,86.33333333333333,daniel surichaque
6bfe38fa-6a05-4a58-82d6-883bb2756ac8,eduardo.avalos.re@outlook.com,Eduardo Daniel Avalos Remon,APPROVED,2026-08-01 04:28:25.925646,259.0,788.0,Especialización de Data Analyst,Opción 2: Pago en 2 cuotas (S/100 + S/299 + S/389),Titktok,74656135,87955696-d368-4fdb-9a6b-e48f7aae8f58,SQL for Data Analyst,True,3,86.33333333333333,jordan delacruz
6bfe38fa-6a05-4a58-82d6-883bb2756ac8,eduardo.avalos.re@outlook.com,Eduardo Daniel Avalos Remon,APPROVED,2026-08-01 04:28:25.925646,259.0,788.0,Especialización de Data Analyst,Opción 2: Pago en 2 cuotas (S/100 + S/299 + S/389),Titktok,74656135,87955696-d368-4fdb-9a6b-e48f7aae8f58,Power BI,True,3,86.33333333333333,junior candela
dbdb3cbb-c582-4e91-9830-541810f932c6,diegoagameroc@gmail.com,DIEGO ANDRÉS GAMERO COTRINA,APPROVED,2026-07-21 22:34:05.000000,369.0,788.0,Especialización de Data Analyst,Opción 2: Pago en 2 cuotas,Desconocido,,70911b3e-5b1c-4276-950b-0d42e89163b7,Excel for Data Analyst,True,3,123.0,daniel surichaque
dbdb3cbb-c582-4e91-9830-541810f932c6,diegoagameroc@gmail.com,DIEGO ANDRÉS GAMERO COTRINA,APPROVED,2026-07-21 22:34:05.000000,369.0,788.0,Especialización de Data Analyst,Opción 2: Pago en 2 cuotas,Desconocido,,70911b3e-5b1c-4276-950b-0d42e89163b7,SQL for Data Analyst,True,3,123.0,jordan delacruz
dbdb3cbb-c582-4e91-9830-541810f932c6,diegoagameroc@gmail.com,DIEGO ANDRÉS GAMERO COTRINA,APPROVED,2026-07-21 22:34:05.000000,369.0,788.0,Especialización de Data Analyst,Opción 2: Pago en 2 cuotas,Desconocido,,70911b3e-5b1c-4276-950b-0d42e89163b7,Power BI,True,3,123.0,junior candela
20bf92da-c882-471a-81a5-c4520c0423b9,fernand0guzfer547@gmail.com,Fernando Jose Guzman Fernandez,APPROVED,2026-07-28 02:53:43.207109,0.0,757.0,Especialización de Data Analyst,Opción 1: Pago al contado (S/100 + S/657),Titktok,74151077,e9b8853b-a0ef-49a2-8d36-fdbbf59302c6,Excel for Data Analyst,True,3,0.0,daniel surichaque
20bf92da-c882-471a-81a5-c4520c0423b9,fernand0guzfer547@gmail.com,Fernando Jose Guzman Fernandez,APPROVED,2026-07-28 02:53:43.207109,0.0,757.0,Especialización de Data Analyst,Opción 1: Pago al contado (S/100 + S/657),Titktok,74151077,e9b8853b-a0ef-49a2-8d36-fdbbf59302c6,SQL for Data Analyst,True,3,0.0,jordan delacruz
20bf92da-c882-471a-81a5-c4520c0423b9,fernand0guzfer547@gmail.com,Fernando Jose Guzman Fernandez,APPROVED,2026-07-28 02:53:43.207109,0.0,757.0,Especialización de Data Analyst,Opción 1: Pago al contado (S/100 + S/657),Titktok,74151077,e9b8853b-a0ef-49a2-8d36-fdbbf59302c6,Power BI,True,3,0.0,junior candela
41f2b78b-7e86-4e5d-bce0-aa0971066611,dataacademylatam@gmail.com,Sebastian,APPROVED,2026-07-25 07:56:52.269615,0.0,,Sql INTEMRDIO AVANZADO,,Instagram,74064642,5d1e2fcb-f1b0-4f12-853c-4f75ee7e88f6,SQL Intermedio-Avanzado,False,1,0.0,JHON CARLOS VELASQUE DURAND
671d4054-5513-4bee-b04e-cc1bc549cfa6,dataacademylatam@gmail.com,Sebastian,APPROVED,2026-07-25 08:38:33.075379,0.0,,"Sql INTEMRDIO AVANZADO, sql intermedio",,Instagram,74064642,5d1e2fcb-f1b0-4f12-853c-4f75ee7e88f6,SQL Intermedio-Avanzado,False,2,0.0,JHON CARLOS VELASQUE DURAND
671d4054-5513-4bee-b04e-cc1bc549cfa6,dataacademylatam@gmail.com,Sebastian,APPROVED,2026-07-25 08:38:33.075379,0.0,,"Sql INTEMRDIO AVANZADO, sql intermedio",,Instagram,74064642,5d1e2fcb-f1b0-4f12-853c-4f75ee7e88f6,SQL Intermedio-Avanzado,False,2,0.0,JHON CARLOS VELASQUE DURAND
6f9dc469-e779-43cd-923a-9dd63a00ad47,alexcercado29@gmail.com,Alex Enrique Cercado Monroy,APPROVED,2026-07-28 01:37:40.384346,229.0,279.0,"SQL for data Analyst, Excel for data Analyst",,Titktok,74969132,94293003-87ff-41f9-9f85-39ba9569f847,SQL for Data Analyst,False,2,114.5,jordan delacruz
6f9dc469-e779-43cd-923a-9dd63a00ad47,alexcercado29@gmail.com,Alex Enrique Cercado Monroy,APPROVED,2026-07-28 01:37:40.384346,229.0,279.0,"SQL for data Analyst, Excel for data Analyst",,Titktok,74969132,94293003-87ff-41f9-9f85-39ba9569f847,Excel for Data Analyst,False,2,114.5,daniel surichaque
2dd0bcb8-8490-47f6-bb11-e72fbe05999f,e.edynina.h@gmail.com,Edy Enrique Nina Huillca,APPROVED,2026-07-27 00:00:00.000000,100.0,757.0,Especialización de Data Analyst,Opción 1: Pago al contado,Desconocido,,89a7d65c-80d0-4ca1-88ce-9b9201f42aa8,Excel for Data Analyst,True,3,33.333333333333336,daniel surichaque
2dd0bcb8-8490-47f6-bb11-e72fbe05999f,e.edynina.h@gmail.com,Edy Enrique Nina Huillca,APPROVED,2026-07-27 00:00:00.000000,100.0,757.0,Especialización de Data Analyst,Opción 1: Pago al contado,Desconocido,,89a7d65c-80d0-4ca1-88ce-9b9201f42aa8,SQL for Data Analyst,True,3,33.333333333333336,jordan delacruz
2dd0bcb8-8490-47f6-bb11-e72fbe05999f,e.edynina.h@gmail.com,Edy Enrique Nina Huillca,APPROVED,2026-07-27 00:00:00.000000,100.0,757.0,Especialización de Data Analyst,Opción 1: Pago al contado,Desconocido,,89a7d65c-80d0-4ca1-88ce-9b9201f42aa8,Power BI,True,3,33.333333333333336,junior candela
0c8768cb-1ff2-4a1d-a8c2-35b3f332da0b,etar.218@gmail.com,Elvis Alfredo Tapia Rodriguez,APPROVED,2026-07-20 00:00:00.000000,100.0,788.0,Especialización de Data Analyst,Opción 2: Pago en 2 cuotas,Desconocido,,,Excel for Data Analyst,True,3,33.333333333333336,daniel surichaque
0c8768cb-1ff2-4a1d-a8c2-35b3f332da0b,etar.218@gmail.com,Elvis Alfredo Tapia Rodriguez,APPROVED,2026-07-20 00:00:00.000000,100.0,788.0,Especialización de Data Analyst,Opción 2: Pago en 2 cuotas,Desconocido,,,SQL for Data Analyst,True,3,33.333333333333336,jordan delacruz
0c8768cb-1ff2-4a1d-a8c2-35b3f332da0b,etar.218@gmail.com,Elvis Alfredo Tapia Rodriguez,APPROVED,2026-07-20 00:00:00.000000,100.0,788.0,Especialización de Data Analyst,Opción 2: Pago en 2 cuotas,Desconocido,,,Power BI,True,3,33.333333333333336,junior candela
f84042dc-6f02-46b2-9826-d888c8b25305,cynthia134045@gmail.com,Cynthia Paola Falero Salazar,APPROVED,2026-07-17 00:00:00.000000,100.0,788.0,Especialización de Data Analyst,Opción 2: Pago en 2 cuotas,Desconocido,,1c9ed175-5f98-43ad-aa42-30a8306895d0,Excel for Data Analyst,True,3,33.333333333333336,daniel surichaque
f84042dc-6f02-46b2-9826-d888c8b25305,cynthia134045@gmail.com,Cynthia Paola Falero Salazar,APPROVED,2026-07-17 00:00:00.000000,100.0,788.0,Especialización de Data Analyst,Opción 2: Pago en 2 cuotas,Desconocido,,1c9ed175-5f98-43ad-aa42-30a8306895d0,SQL for Data Analyst,True,3,33.333333333333336,jordan delacruz
f84042dc-6f02-46b2-9826-d888c8b25305,cynthia134045@gmail.com,Cynthia Paola Falero Salazar,APPROVED,2026-07-17 00:00:00.000000,100.0,788.0,Especialización de Data Analyst,Opción 2: Pago en 2 cuotas,Desconocido,,1c9ed175-5f98-43ad-aa42-30a8306895d0,Power BI,True,3,33.333333333333336,junior candela
1e12a2c7-b390-465c-9f59-017a724258ae,eduardo.avalos.re@outlook.com,Eduardo Daniel Avalos Remon,APPROVED,2026-07-19 00:00:00.000000,100.0,788.0,Especialización de Data Analyst,Opción 2: Pago en 2 cuotas,Desconocido,,87955696-d368-4fdb-9a6b-e48f7aae8f58,Excel for Data Analyst,True,3,33.333333333333336,daniel surichaque
1e12a2c7-b390-465c-9f59-017a724258ae,eduardo.avalos.re@outlook.com,Eduardo Daniel Avalos Remon,APPROVED,2026-07-19 00:00:00.000000,100.0,788.0,Especialización de Data Analyst,Opción 2: Pago en 2 cuotas,Desconocido,,87955696-d368-4fdb-9a6b-e48f7aae8f58,SQL for Data Analyst,True,3,33.333333333333336,jordan delacruz
1e12a2c7-b390-465c-9f59-017a724258ae,eduardo.avalos.re@outlook.com,Eduardo Daniel Avalos Remon,APPROVED,2026-07-19 00:00:00.000000,100.0,788.0,Especialización de Data Analyst,Opción 2: Pago en 2 cuotas,Desconocido,,87955696-d368-4fdb-9a6b-e48f7aae8f58,Power BI,True,3,33.333333333333336,junior candela
1ccd702b-4c88-4387-9250-e9d010ab2f10,fernand0guzfer547@gmail.com,Fernando Jose Guzman Fernandez,APPROVED,2026-07-17 00:00:00.000000,100.0,788.0,Especialización de Data Analyst,Opción 2: Pago en 2 cuotas,Desconocido,,,Excel for Data Analyst,True,3,33.333333333333336,daniel surichaque
1ccd702b-4c88-4387-9250-e9d010ab2f10,fernand0guzfer547@gmail.com,Fernando Jose Guzman Fernandez,APPROVED,2026-07-17 00:00:00.000000,100.0,788.0,Especialización de Data Analyst,Opción 2: Pago en 2 cuotas,Desconocido,,,SQL for Data Analyst,True,3,33.333333333333336,jordan delacruz
1ccd702b-4c88-4387-9250-e9d010ab2f10,fernand0guzfer547@gmail.com,Fernando Jose Guzman Fernandez,APPROVED,2026-07-17 00:00:00.000000,100.0,788.0,Especialización de Data Analyst,Opción 2: Pago en 2 cuotas,Desconocido,,,Power BI,True,3,33.333333333333336,junior candela
0a81882e-7f8a-45b9-b6eb-eb12c250914f,alexia.umpiri@gmail.com,Alexia Michelle Arapa Umpiri,APPROVED,2026-07-30 15:23:21.291223,169.0,169.0,SQL for data Analyst,,Instagram,74907081,62c190c1-d0a4-4580-818c-17c77431df36,SQL for Data Analyst,False,1,169.0,jordan delacruz
30ab9d89-3b08-4e4a-a5a7-0d5c211fd301,alanrauljq17@gmail.com,Alan Raul Jimenez Quispe,APPROVED,2026-07-29 20:49:26.816980,50.0,169.0,Excel for data Analyst,,Desconocido,,,Excel for Data Analyst,False,1,50.0,daniel surichaque
297f2fba-b5ff-46cd-876f-b44b60feb1e5,mateopieroaldair@gmail.com,Piero Aldair Mateo Tito,APPROVED,2026-07-28 01:58:19.942328,100.0,279.0,"SQL for data Analyst, Python for data Analyst",,Titktok,61293843,a2526ccd-3e40-4516-8672-64debcb98bef,SQL for Data Analyst,False,2,50.0,jordan delacruz
297f2fba-b5ff-46cd-876f-b44b60feb1e5,mateopieroaldair@gmail.com,Piero Aldair Mateo Tito,APPROVED,2026-07-28 01:58:19.942328,100.0,279.0,"SQL for data Analyst, Python for data Analyst",,Titktok,61293843,a2526ccd-3e40-4516-8672-64debcb98bef,Python for Data Analyst,False,2,50.0,Jhon Velasque
0ff58f67-98c2-4761-a9e1-264c39bc0a3f,alexcercadomonroy@gmail.com,Alex Enrique Cercado Monroy,APPROVED,2026-07-28 01:52:07.399605,100.0,279.0,"SQL for data Analyst, Excel for data Analyst",,Titktok,74969132,f59e43b7-0210-4ec6-bea3-644ed8d22434,SQL for Data Analyst,False,2,50.0,jordan delacruz
0ff58f67-98c2-4761-a9e1-264c39bc0a3f,alexcercadomonroy@gmail.com,Alex Enrique Cercado Monroy,APPROVED,2026-07-28 01:52:07.399605,100.0,279.0,"SQL for data Analyst, Excel for data Analyst",,Titktok,74969132,f59e43b7-0210-4ec6-bea3-644ed8d22434,Excel for Data Analyst,False,2,50.0,daniel surichaque
f096eb9b-7264-4b7f-81a6-4c8376f2b472,yampiermq07@gmail.com,Yampier Marcelo Quispe,APPROVED,2026-07-29 20:49:26.816980,50.0,169.0,Python for data Analyst,,Desconocido,,,Python for Data Analyst,False,1,50.0,Jhon Velasque
e3f44892-b2a4-4601-82d5-9a0d17c2e06b,ppulloalucero5@gmail.com,Lucero Alicia Ulloa Mallaopoma,APPROVED,2026-07-29 20:49:26.816980,50.0,169.0,SQL for data Analyst,,Desconocido,,,SQL for Data Analyst,False,1,50.0,jordan delacruz
90e14aa8-c644-4340-944f-c82edb89a48f,mateopieroaldair@gmail.com,Piero Aldair Mateo Tito,APPROVED,2026-07-28 01:59:19.532587,219.0,279.0,"SQL for data Analyst, Python for data Analyst",,Titktok,61293843,a2526ccd-3e40-4516-8672-64debcb98bef,SQL for Data Analyst,False,2,109.5,jordan delacruz
90e14aa8-c644-4340-944f-c82edb89a48f,mateopieroaldair@gmail.com,Piero Aldair Mateo Tito,APPROVED,2026-07-28 01:59:19.532587,219.0,279.0,"SQL for data Analyst, Python for data Analyst",,Titktok,61293843,a2526ccd-3e40-4516-8672-64debcb98bef,Python for Data Analyst,False,2,109.5,Jhon Velasque
4eb7b76f-d2c4-49f6-9e21-9f74bc122738,mblancom7@gmail.com,Marco Antonio Blanco Martinez,APPROVED,2026-07-29 20:49:26.816980,50.0,169.0,Power BI Basico-Intermedio,,Desconocido,,509c1e50-5736-4a26-a4c4-b9d85fd9a249,Power BI,False,1,50.0,junior candela
d111f524-fa4e-4f4b-9cd0-976baaa4a3c2,e.edynina.h@gmail.com,Edy Enrique Nina Huillca,APPROVED,2026-07-31 03:41:01.759243,507.0,757.0,Especialización de Data Analyst,Opción 1: Pago al contado (S/100 + S/657),Titktok,76153102,89a7d65c-80d0-4ca1-88ce-9b9201f42aa8,Excel for Data Analyst,True,3,169.0,daniel surichaque
d111f524-fa4e-4f4b-9cd0-976baaa4a3c2,e.edynina.h@gmail.com,Edy Enrique Nina Huillca,APPROVED,2026-07-31 03:41:01.759243,507.0,757.0,Especialización de Data Analyst,Opción 1: Pago al contado (S/100 + S/657),Titktok,76153102,89a7d65c-80d0-4ca1-88ce-9b9201f42aa8,SQL for Data Analyst,True,3,169.0,jordan delacruz
d111f524-fa4e-4f4b-9cd0-976baaa4a3c2,e.edynina.h@gmail.com,Edy Enrique Nina Huillca,APPROVED,2026-07-31 03:41:01.759243,507.0,757.0,Especialización de Data Analyst,Opción 1: Pago al contado (S/100 + S/657),Titktok,76153102,89a7d65c-80d0-4ca1-88ce-9b9201f42aa8,Power BI,True,3,169.0,junior candela
3903290d-b517-4cd2-8edf-a8bc75bbd812,paul.quiroz.a@uni.pe,Paúl Quiroz Alva,APPROVED,2026-07-30 19:21:26.290233,259.0,788.0,Especialización de Data Analyst,Opción 2: Pago en 2 cuotas (S/100 + S/299 + S/389),Instagram,71747491,ce1d4121-068d-4235-aace-e4d2974a9ded,Excel for Data Analyst,True,3,86.33333333333333,daniel surichaque
3903290d-b517-4cd2-8edf-a8bc75bbd812,paul.quiroz.a@uni.pe,Paúl Quiroz Alva,APPROVED,2026-07-30 19:21:26.290233,259.0,788.0,Especialización de Data Analyst,Opción 2: Pago en 2 cuotas (S/100 + S/299 + S/389),Instagram,71747491,ce1d4121-068d-4235-aace-e4d2974a9ded,SQL for Data Analyst,True,3,86.33333333333333,jordan delacruz
3903290d-b517-4cd2-8edf-a8bc75bbd812,paul.quiroz.a@uni.pe,Paúl Quiroz Alva,APPROVED,2026-07-30 19:21:26.290233,259.0,788.0,Especialización de Data Analyst,Opción 2: Pago en 2 cuotas (S/100 + S/299 + S/389),Instagram,71747491,ce1d4121-068d-4235-aace-e4d2974a9ded,Power BI,True,3,86.33333333333333,junior candela
74b99ddf-2369-4fd3-b9aa-59aaf6215982,fernand0guzfer547@gmail.com,Fernando Jose Guzman Fernandez,APPROVED,2026-07-28 02:57:15.529225,97.0,757.0,Especialización de Data Analyst,Opción 1: Pago al contado (S/100 + S/657),Titktok,74151077,e9b8853b-a0ef-49a2-8d36-fdbbf59302c6,Excel for Data Analyst,True,3,32.333333333333336,daniel surichaque
74b99ddf-2369-4fd3-b9aa-59aaf6215982,fernand0guzfer547@gmail.com,Fernando Jose Guzman Fernandez,APPROVED,2026-07-28 02:57:15.529225,97.0,757.0,Especialización de Data Analyst,Opción 1: Pago al contado (S/100 + S/657),Titktok,74151077,e9b8853b-a0ef-49a2-8d36-fdbbf59302c6,SQL for Data Analyst,True,3,32.333333333333336,jordan delacruz
74b99ddf-2369-4fd3-b9aa-59aaf6215982,fernand0guzfer547@gmail.com,Fernando Jose Guzman Fernandez,APPROVED,2026-07-28 02:57:15.529225,97.0,757.0,Especialización de Data Analyst,Opción 1: Pago al contado (S/100 + S/657),Titktok,74151077,e9b8853b-a0ef-49a2-8d36-fdbbf59302c6,Power BI,True,3,32.333333333333336,junior candela
bd27cd91-b2b2-40ab-bad9-a1d46cac0e33,carol.mondragonm@gmail.com,Carol Valery Mondragón Moran,APPROVED,2026-07-29 20:49:26.816980,50.0,169.0,Excel for data Analyst,,Desconocido,,,Excel for Data Analyst,False,1,50.0,daniel surichaque
7aadf084-ea35-453d-b4cf-0651a980a4d2,fernand0guzfer547@gmail.com,Fernando José Guzman Fernandez,APPROVED,2026-07-28 02:56:20.994911,500.0,757.0,Especialización de Data Analyst,Opción 1: Pago al contado (S/100 + S/657),Titktok,74151077,e9b8853b-a0ef-49a2-8d36-fdbbf59302c6,Excel for Data Analyst,True,3,166.66666666666666,daniel surichaque
7aadf084-ea35-453d-b4cf-0651a980a4d2,fernand0guzfer547@gmail.com,Fernando José Guzman Fernandez,APPROVED,2026-07-28 02:56:20.994911,500.0,757.0,Especialización de Data Analyst,Opción 1: Pago al contado (S/100 + S/657),Titktok,74151077,e9b8853b-a0ef-49a2-8d36-fdbbf59302c6,SQL for Data Analyst,True,3,166.66666666666666,jordan delacruz
7aadf084-ea35-453d-b4cf-0651a980a4d2,fernand0guzfer547@gmail.com,Fernando José Guzman Fernandez,APPROVED,2026-07-28 02:56:20.994911,500.0,757.0,Especialización de Data Analyst,Opción 1: Pago al contado (S/100 + S/657),Titktok,74151077,e9b8853b-a0ef-49a2-8d36-fdbbf59302c6,Power BI,True,3,166.66666666666666,junior candela
6fa20c8f-d695-46d8-8ca1-e2bed47db640,fernand0guzfer547@gmail.com,Fernando Jose Guzman Fernandez,APPROVED,2026-07-28 02:58:10.433655,100.0,757.0,Especialización de Data Analyst,Opción 1: Pago al contado (S/100 + S/657),Titktok,74151077,e9b8853b-a0ef-49a2-8d36-fdbbf59302c6,Excel for Data Analyst,True,3,33.333333333333336,daniel surichaque
6fa20c8f-d695-46d8-8ca1-e2bed47db640,fernand0guzfer547@gmail.com,Fernando Jose Guzman Fernandez,APPROVED,2026-07-28 02:58:10.433655,100.0,757.0,Especialización de Data Analyst,Opción 1: Pago al contado (S/100 + S/657),Titktok,74151077,e9b8853b-a0ef-49a2-8d36-fdbbf59302c6,SQL for Data Analyst,True,3,33.333333333333336,jordan delacruz
6fa20c8f-d695-46d8-8ca1-e2bed47db640,fernand0guzfer547@gmail.com,Fernando Jose Guzman Fernandez,APPROVED,2026-07-28 02:58:10.433655,100.0,757.0,Especialización de Data Analyst,Opción 1: Pago al contado (S/100 + S/657),Titktok,74151077,e9b8853b-a0ef-49a2-8d36-fdbbf59302c6,Power BI,True,3,33.333333333333336,junior candela
158667a2-0890-450f-abb4-250d5b10d7c7,kaisamedinag@gmail.com,Especialización de Data Analyst,APPROVED,2026-07-30 23:39:36.764268,757.0,757.0,Especialización de Data Analyst,Opción 1: Pago al contado (S/100 + S/657),Titktok,72784471,372147ba-4c68-41fd-a960-918c4d6e089d,Excel for Data Analyst,True,3,252.33333333333334,daniel surichaque
158667a2-0890-450f-abb4-250d5b10d7c7,kaisamedinag@gmail.com,Especialización de Data Analyst,APPROVED,2026-07-30 23:39:36.764268,757.0,757.0,Especialización de Data Analyst,Opción 1: Pago al contado (S/100 + S/657),Titktok,72784471,372147ba-4c68-41fd-a960-918c4d6e089d,SQL for Data Analyst,True,3,252.33333333333334,jordan delacruz
158667a2-0890-450f-abb4-250d5b10d7c7,kaisamedinag@gmail.com,Especialización de Data Analyst,APPROVED,2026-07-30 23:39:36.764268,757.0,757.0,Especialización de Data Analyst,Opción 1: Pago al contado (S/100 + S/657),Titktok,72784471,372147ba-4c68-41fd-a960-918c4d6e089d,Power BI,True,3,252.33333333333334,junior candela
80164543-a9aa-4454-91da-ff42547b7d6f,drfreddy90@gmail.com,Sebastian,APPROVED,2026-07-26 20:28:10.559217,100.0,788.0,Especialización de Data Analyst,Opción 2: Pago en 2 cuotas (S/100 + S/299 + S/389),Titktok,74064642,fbbed312-5a43-447b-81cf-30da434e1135,Excel for Data Analyst,True,3,33.333333333333336,daniel surichaque
80164543-a9aa-4454-91da-ff42547b7d6f,drfreddy90@gmail.com,Sebastian,APPROVED,2026-07-26 20:28:10.559217,100.0,788.0,Especialización de Data Analyst,Opción 2: Pago en 2 cuotas (S/100 + S/299 + S/389),Titktok,74064642,fbbed312-5a43-447b-81cf-30da434e1135,SQL for Data Analyst,True,3,33.333333333333336,jordan delacruz
80164543-a9aa-4454-91da-ff42547b7d6f,drfreddy90@gmail.com,Sebastian,APPROVED,2026-07-26 20:28:10.559217,100.0,788.0,Especialización de Data Analyst,Opción 2: Pago en 2 cuotas (S/100 + S/299 + S/389),Titktok,74064642,fbbed312-5a43-447b-81cf-30da434e1135,Power BI,True,3,33.333333333333336,junior candela
19e91da0-3df3-434e-932c-618666131315,drfreddy90@gmail.com,Sebastian,APPROVED,2026-07-26 20:29:23.197247,299.0,788.0,Especialización de Data Analyst,Opción 2: Pago en 2 cuotas (S/100 + S/299 + S/389),Youtube,74064642,fbbed312-5a43-447b-81cf-30da434e1135,Excel for Data Analyst,True,3,99.66666666666667,daniel surichaque
19e91da0-3df3-434e-932c-618666131315,drfreddy90@gmail.com,Sebastian,APPROVED,2026-07-26 20:29:23.197247,299.0,788.0,Especialización de Data Analyst,Opción 2: Pago en 2 cuotas (S/100 + S/299 + S/389),Youtube,74064642,fbbed312-5a43-447b-81cf-30da434e1135,SQL for Data Analyst,True,3,99.66666666666667,jordan delacruz
19e91da0-3df3-434e-932c-618666131315,drfreddy90@gmail.com,Sebastian,APPROVED,2026-07-26 20:29:23.197247,299.0,788.0,Especialización de Data Analyst,Opción 2: Pago en 2 cuotas (S/100 + S/299 + S/389),Youtube,74064642,fbbed312-5a43-447b-81cf-30da434e1135,Power BI,True,3,99.66666666666667,junior candela
ee69243e-fe58-4d48-b0e5-c231948a1274,drfreddy90@gmail.com,Sebastian,APPROVED,2026-07-26 20:24:27.814921,0.0,409.0,"SQL for data Analyst, Python for data Analyst, Power BI Basico-Intermedio",,Linkedint,74064642,fbbed312-5a43-447b-81cf-30da434e1135,SQL for Data Analyst,False,3,0.0,jordan delacruz
ee69243e-fe58-4d48-b0e5-c231948a1274,drfreddy90@gmail.com,Sebastian,APPROVED,2026-07-26 20:24:27.814921,0.0,409.0,"SQL for data Analyst, Python for data Analyst, Power BI Basico-Intermedio",,Linkedint,74064642,fbbed312-5a43-447b-81cf-30da434e1135,Python for Data Analyst,False,3,0.0,Jhon Velasque
ee69243e-fe58-4d48-b0e5-c231948a1274,drfreddy90@gmail.com,Sebastian,APPROVED,2026-07-26 20:24:27.814921,0.0,409.0,"SQL for data Analyst, Python for data Analyst, Power BI Basico-Intermedio",,Linkedint,74064642,fbbed312-5a43-447b-81cf-30da434e1135,Power BI,False,3,0.0,junior candela
89f07b22-5c4d-4f8e-bc5a-599c6cc0bbb2,francardenasavalos@gmail.com,Francisco Pedro Cardenas Avalos,APPROVED,2026-08-01 04:23:26.751451,169.0,169.0,SQL for data Analyst,,Instagram,77123564,31a7733c-a543-4bb5-8645-fc38ced07c64,SQL for Data Analyst,False,1,169.0,jordan delacruz
81a51ddb-0b39-4055-99be-23109803b266,khaoz20624@gmail.com,Alexander Jeferson Arce Crisanto,APPROVED,2026-07-28 23:34:08.816144,100.0,788.0,Especialización de Data Analyst,Opción 2: Pago en 2 cuotas (S/100 + S/299 + S/389),Titktok,75399159,c32ce992-5b4f-4b9a-b47a-e6779ca98b16,Excel for Data Analyst,True,3,33.333333333333336,daniel surichaque
81a51ddb-0b39-4055-99be-23109803b266,khaoz20624@gmail.com,Alexander Jeferson Arce Crisanto,APPROVED,2026-07-28 23:34:08.816144,100.0,788.0,Especialización de Data Analyst,Opción 2: Pago en 2 cuotas (S/100 + S/299 + S/389),Titktok,75399159,c32ce992-5b4f-4b9a-b47a-e6779ca98b16,SQL for Data Analyst,True,3,33.333333333333336,jordan delacruz
81a51ddb-0b39-4055-99be-23109803b266,khaoz20624@gmail.com,Alexander Jeferson Arce Crisanto,APPROVED,2026-07-28 23:34:08.816144,100.0,788.0,Especialización de Data Analyst,Opción 2: Pago en 2 cuotas (S/100 + S/299 + S/389),Titktok,75399159,c32ce992-5b4f-4b9a-b47a-e6779ca98b16,Power BI,True,3,33.333333333333336,junior candela
8ec45ba5-8b0e-4c60-8270-9389c93da674,khaoz20624@gmail.com,Alexander Jeferson Arce Crisanto,APPROVED,2026-07-29 02:46:24.453250,259.0,788.0,Especialización de Data Analyst,Opción 2: Pago en 2 cuotas (S/100 + S/299 + S/389),Titktok,75399159,c32ce992-5b4f-4b9a-b47a-e6779ca98b16,Excel for Data Analyst,True,3,86.33333333333333,daniel surichaque
8ec45ba5-8b0e-4c60-8270-9389c93da674,khaoz20624@gmail.com,Alexander Jeferson Arce Crisanto,APPROVED,2026-07-29 02:46:24.453250,259.0,788.0,Especialización de Data Analyst,Opción 2: Pago en 2 cuotas (S/100 + S/299 + S/389),Titktok,75399159,c32ce992-5b4f-4b9a-b47a-e6779ca98b16,SQL for Data Analyst,True,3,86.33333333333333,jordan delacruz
8ec45ba5-8b0e-4c60-8270-9389c93da674,khaoz20624@gmail.com,Alexander Jeferson Arce Crisanto,APPROVED,2026-07-29 02:46:24.453250,259.0,788.0,Especialización de Data Analyst,Opción 2: Pago en 2 cuotas (S/100 + S/299 + S/389),Titktok,75399159,c32ce992-5b4f-4b9a-b47a-e6779ca98b16,Power BI,True,3,86.33333333333333,junior candela
c6db7cb9-ba60-4a40-8ea8-1f17f3d2dbb8,valentinsebastian540@gmail.com,Sebastian Antonio Valentín Malpartida,APPROVED,2026-07-30 03:51:42.867392,100.0,757.0,Especialización de Data Analyst,Opción 1: Pago al contado (S/100 + S/657),Instagram,73141722,ee5a79e1-ee44-4b02-8e79-f1692bd044a0,Excel for Data Analyst,True,3,33.333333333333336,daniel surichaque
c6db7cb9-ba60-4a40-8ea8-1f17f3d2dbb8,valentinsebastian540@gmail.com,Sebastian Antonio Valentín Malpartida,APPROVED,2026-07-30 03:51:42.867392,100.0,757.0,Especialización de Data Analyst,Opción 1: Pago al contado (S/100 + S/657),Instagram,73141722,ee5a79e1-ee44-4b02-8e79-f1692bd044a0,SQL for Data Analyst,True,3,33.333333333333336,jordan delacruz
c6db7cb9-ba60-4a40-8ea8-1f17f3d2dbb8,valentinsebastian540@gmail.com,Sebastian Antonio Valentín Malpartida,APPROVED,2026-07-30 03:51:42.867392,100.0,757.0,Especialización de Data Analyst,Opción 1: Pago al contado (S/100 + S/657),Instagram,73141722,ee5a79e1-ee44-4b02-8e79-f1692bd044a0,Power BI,True,3,33.333333333333336,junior candela
5f3549a5-d603-4b0b-a760-301bf2dc678d,alanrauljq17@gmail.com,Alan Raul Jiménez Quispe,APPROVED,2026-07-29 04:01:24.199409,129.0,169.0,Excel for data Analyst,,Titktok,70694898,ca3747a2-3063-4a46-8310-245afeb2e492,Excel for Data Analyst,False,1,129.0,daniel surichaque
4fc1ebe4-2151-4471-a6a5-cb91a749a75c,cynthia134045@gmail.com,Cynthia Paola Falero Salazar,APPROVED,2026-07-31 03:31:15.173250,259.0,,Especialización de Data Analyst,,Instagram,47908384,1c9ed175-5f98-43ad-aa42-30a8306895d0,Excel for Data Analyst,True,3,86.33333333333333,daniel surichaque
4fc1ebe4-2151-4471-a6a5-cb91a749a75c,cynthia134045@gmail.com,Cynthia Paola Falero Salazar,APPROVED,2026-07-31 03:31:15.173250,259.0,,Especialización de Data Analyst,,Instagram,47908384,1c9ed175-5f98-43ad-aa42-30a8306895d0,SQL for Data Analyst,True,3,86.33333333333333,jordan delacruz
4fc1ebe4-2151-4471-a6a5-cb91a749a75c,cynthia134045@gmail.com,Cynthia Paola Falero Salazar,APPROVED,2026-07-31 03:31:15.173250,259.0,,Especialización de Data Analyst,,Instagram,47908384,1c9ed175-5f98-43ad-aa42-30a8306895d0,Power BI,True,3,86.33333333333333,junior candela
8b3cdf5d-12b3-4d87-a8ff-a215f03c2804,oscar19vr@gmail.com,OSCAR MIJAIL VERA ROJAS,APPROVED,2026-07-16 00:00:00.000000,100.0,788.0,Especialización de Data Analyst,Opción 2: Pago en 2 cuotas,Desconocido,,fd8f97e1-8fa2-49f8-b2d6-3f1be0cf038f,Excel for Data Analyst,True,3,33.333333333333336,daniel surichaque
8b3cdf5d-12b3-4d87-a8ff-a215f03c2804,oscar19vr@gmail.com,OSCAR MIJAIL VERA ROJAS,APPROVED,2026-07-16 00:00:00.000000,100.0,788.0,Especialización de Data Analyst,Opción 2: Pago en 2 cuotas,Desconocido,,fd8f97e1-8fa2-49f8-b2d6-3f1be0cf038f,SQL for Data Analyst,True,3,33.333333333333336,jordan delacruz
8b3cdf5d-12b3-4d87-a8ff-a215f03c2804,oscar19vr@gmail.com,OSCAR MIJAIL VERA ROJAS,APPROVED,2026-07-16 00:00:00.000000,100.0,788.0,Especialización de Data Analyst,Opción 2: Pago en 2 cuotas,Desconocido,,fd8f97e1-8fa2-49f8-b2d6-3f1be0cf038f,Power BI,True,3,33.333333333333336,junior candela
461873ab-d91c-4dfa-a2d3-437ad596fc81,alexanderjorgecastillo20@gmail.com,Alexander Jorge Castillo,APPROVED,2026-07-29 16:32:25.396466,119.0,169.0,SQL for data Enginier,,Titktok,77484557,bee5a90f-5984-4cf7-b693-d207120bb6ad,SQL for Data Engineer,False,1,119.0,(sin asignar)
b7fa43ed-67ef-43f5-a72e-5aa5dc088051,paul.quiroz.a@uni.pe,Paúl Quiroz Alva,APPROVED,2026-07-15 00:00:00.000000,100.0,788.0,Especialización de Data Analyst,Opción 2: Pago en 2 cuotas,Desconocido,,ce1d4121-068d-4235-aace-e4d2974a9ded,Excel for Data Analyst,True,3,33.333333333333336,daniel surichaque
b7fa43ed-67ef-43f5-a72e-5aa5dc088051,paul.quiroz.a@uni.pe,Paúl Quiroz Alva,APPROVED,2026-07-15 00:00:00.000000,100.0,788.0,Especialización de Data Analyst,Opción 2: Pago en 2 cuotas,Desconocido,,ce1d4121-068d-4235-aace-e4d2974a9ded,SQL for Data Analyst,True,3,33.333333333333336,jordan delacruz
b7fa43ed-67ef-43f5-a72e-5aa5dc088051,paul.quiroz.a@uni.pe,Paúl Quiroz Alva,APPROVED,2026-07-15 00:00:00.000000,100.0,788.0,Especialización de Data Analyst,Opción 2: Pago en 2 cuotas,Desconocido,,ce1d4121-068d-4235-aace-e4d2974a9ded,Power BI,True,3,33.333333333333336,junior candela
85e2aff3-d9b4-4591-9c2f-4bb0eeb94bec,quitoanccasiantonyrodrigo@gmail.com,Antony Rodrigo Quito Anccasi,APPROVED,2026-07-31 03:01:23.967339,259.0,788.0,Especialización de Data Analyst,Opción 2: Pago en 2 cuotas (S/100 + S/299 + S/389),Titktok,74394181,944bcef5-dab9-4e46-a027-ad7b06db3fca,Excel for Data Analyst,True,3,86.33333333333333,daniel surichaque
85e2aff3-d9b4-4591-9c2f-4bb0eeb94bec,quitoanccasiantonyrodrigo@gmail.com,Antony Rodrigo Quito Anccasi,APPROVED,2026-07-31 03:01:23.967339,259.0,788.0,Especialización de Data Analyst,Opción 2: Pago en 2 cuotas (S/100 + S/299 + S/389),Titktok,74394181,944bcef5-dab9-4e46-a027-ad7b06db3fca,SQL for Data Analyst,True,3,86.33333333333333,jordan delacruz
85e2aff3-d9b4-4591-9c2f-4bb0eeb94bec,quitoanccasiantonyrodrigo@gmail.com,Antony Rodrigo Quito Anccasi,APPROVED,2026-07-31 03:01:23.967339,259.0,788.0,Especialización de Data Analyst,Opción 2: Pago en 2 cuotas (S/100 + S/299 + S/389),Titktok,74394181,944bcef5-dab9-4e46-a027-ad7b06db3fca,Power BI,True,3,86.33333333333333,junior candela
9e4af22c-f475-4c27-a9cc-fbee997923ce,jsaldarriagajauregui@gmail.com,Jose Angel Saldarriaga Jauregui,APPROVED,2026-07-16 00:00:00.000000,100.0,757.0,Especialización de Data Analyst,Opción 1: Pago al contado,Desconocido,,2bac7a40-821e-4367-a14a-766604001fd3,Excel for Data Analyst,True,3,33.333333333333336,daniel surichaque
9e4af22c-f475-4c27-a9cc-fbee997923ce,jsaldarriagajauregui@gmail.com,Jose Angel Saldarriaga Jauregui,APPROVED,2026-07-16 00:00:00.000000,100.0,757.0,Especialización de Data Analyst,Opción 1: Pago al contado,Desconocido,,2bac7a40-821e-4367-a14a-766604001fd3,SQL for Data Analyst,True,3,33.333333333333336,jordan delacruz
9e4af22c-f475-4c27-a9cc-fbee997923ce,jsaldarriagajauregui@gmail.com,Jose Angel Saldarriaga Jauregui,APPROVED,2026-07-16 00:00:00.000000,100.0,757.0,Especialización de Data Analyst,Opción 1: Pago al contado,Desconocido,,2bac7a40-821e-4367-a14a-766604001fd3,Power BI,True,3,33.333333333333336,junior candela
51893d4d-462a-4eea-b50e-268895becd60,etorre.tanta@gmail.com,Luis Enrique Torre Tanta,APPROVED,2026-07-16 00:00:00.000000,100.0,757.0,Especialización de Data Analyst,Opción 1: Pago al contado,Desconocido,,fe85d5ef-5819-4be7-a0f4-7cbc7d7ed29d,Excel for Data Analyst,True,3,33.333333333333336,daniel surichaque
51893d4d-462a-4eea-b50e-268895becd60,etorre.tanta@gmail.com,Luis Enrique Torre Tanta,APPROVED,2026-07-16 00:00:00.000000,100.0,757.0,Especialización de Data Analyst,Opción 1: Pago al contado,Desconocido,,fe85d5ef-5819-4be7-a0f4-7cbc7d7ed29d,SQL for Data Analyst,True,3,33.333333333333336,jordan delacruz
51893d4d-462a-4eea-b50e-268895becd60,etorre.tanta@gmail.com,Luis Enrique Torre Tanta,APPROVED,2026-07-16 00:00:00.000000,100.0,757.0,Especialización de Data Analyst,Opción 1: Pago al contado,Desconocido,,fe85d5ef-5819-4be7-a0f4-7cbc7d7ed29d,Power BI,True,3,33.333333333333336,junior candela
135cab19-4f39-4325-9bd0-e9f4feb4765e,yampiermq07@gmail.com,Yampier Marcelo Quispe,APPROVED,2026-07-29 17:26:46.313733,109.0,169.0,SQL for data Analyst,,Linkedint,62332924,dec4b74a-446a-4c97-8ad7-3a358e6c4b83,SQL for Data Analyst,False,1,109.0,jordan delacruz
0a5aa0e7-e5ce-48da-bab5-7d601897cb30,mquintanalopez6@gmail.com,Miguel Angel Quintana Lopez,APPROVED,2026-07-16 00:00:00.000000,100.0,788.0,Especialización de Data Analyst,Opción 2: Pago en 2 cuotas,Desconocido,,,Excel for Data Analyst,True,3,33.333333333333336,daniel surichaque
0a5aa0e7-e5ce-48da-bab5-7d601897cb30,mquintanalopez6@gmail.com,Miguel Angel Quintana Lopez,APPROVED,2026-07-16 00:00:00.000000,100.0,788.0,Especialización de Data Analyst,Opción 2: Pago en 2 cuotas,Desconocido,,,SQL for Data Analyst,True,3,33.333333333333336,jordan delacruz
0a5aa0e7-e5ce-48da-bab5-7d601897cb30,mquintanalopez6@gmail.com,Miguel Angel Quintana Lopez,APPROVED,2026-07-16 00:00:00.000000,100.0,788.0,Especialización de Data Analyst,Opción 2: Pago en 2 cuotas,Desconocido,,,Power BI,True,3,33.333333333333336,junior candela
97367ec9-fa3d-41ba-9066-65e6651de43a,quitoanccasiantonyrodrigo@gmail.com,Antony Rodrigo Quito Anccasi,APPROVED,2026-07-13 00:00:00.000000,100.0,788.0,Especialización de Data Analyst,Opción 2: Pago en 2 cuotas,Desconocido,,944bcef5-dab9-4e46-a027-ad7b06db3fca,Excel for Data Analyst,True,3,33.333333333333336,daniel surichaque
97367ec9-fa3d-41ba-9066-65e6651de43a,quitoanccasiantonyrodrigo@gmail.com,Antony Rodrigo Quito Anccasi,APPROVED,2026-07-13 00:00:00.000000,100.0,788.0,Especialización de Data Analyst,Opción 2: Pago en 2 cuotas,Desconocido,,944bcef5-dab9-4e46-a027-ad7b06db3fca,SQL for Data Analyst,True,3,33.333333333333336,jordan delacruz
97367ec9-fa3d-41ba-9066-65e6651de43a,quitoanccasiantonyrodrigo@gmail.com,Antony Rodrigo Quito Anccasi,APPROVED,2026-07-13 00:00:00.000000,100.0,788.0,Especialización de Data Analyst,Opción 2: Pago en 2 cuotas,Desconocido,,944bcef5-dab9-4e46-a027-ad7b06db3fca,Power BI,True,3,33.333333333333336,junior candela
17a65646-d732-4779-91ab-e3a4dfa60434,juliohuidobro21@gmail.com,HUIDOBRO TRUJILLO JULIO CESAR,APPROVED,2026-07-29 18:05:52.030312,109.0,169.0,Power BI Basico-Intermedio,,Youtube,73618374,ab9e5d88-a1e9-4b23-b04f-e549c0e8af62,Power BI,False,1,109.0,junior candela
3e1ddedb-f29b-4ae7-b6c5-f6f2d64d4560,diazsacarisebastian@gmail.com,SEBASTIAN CARLOS DIAZ SACARI,APPROVED,2026-07-29 18:50:27.041093,169.0,169.0,Excel for data Analyst,,Titktok,74072292,5aeeb404-1bb8-42c9-8305-cd5da8269d35,Excel for Data Analyst,False,1,169.0,daniel surichaque
4f343e8b-1197-464e-9259-7e490aa6cc27,henryelcr@gmail.com,HENRY GANBERTI SANTA CRUZ BRAMON,APPROVED,2026-07-31 18:38:59.238453,219.0,279.0,"Excel for data Analyst, SQL for data Analyst",,Titktok,72483242,b5bd56ad-167a-493b-8f48-e66259e294bc,Excel for Data Analyst,False,2,109.5,daniel surichaque
4f343e8b-1197-464e-9259-7e490aa6cc27,henryelcr@gmail.com,HENRY GANBERTI SANTA CRUZ BRAMON,APPROVED,2026-07-31 18:38:59.238453,219.0,279.0,"Excel for data Analyst, SQL for data Analyst",,Titktok,72483242,b5bd56ad-167a-493b-8f48-e66259e294bc,SQL for Data Analyst,False,2,109.5,jordan delacruz
17c84b0a-dd3e-4e8f-a7ee-b860e7721b8a,obed.chavez.c@uni.pe,Obed Andres Chavez Chambilla,APPROVED,2026-08-01 20:27:41.843006,329.0,279.0,"Excel for data Analyst, SQL for data Analyst",,Titktok,75441216,c6a406cd-fb8b-4f7c-a60b-822fbbff1fd7,Excel for Data Analyst,False,2,164.5,daniel surichaque
17c84b0a-dd3e-4e8f-a7ee-b860e7721b8a,obed.chavez.c@uni.pe,Obed Andres Chavez Chambilla,APPROVED,2026-08-01 20:27:41.843006,329.0,279.0,"Excel for data Analyst, SQL for data Analyst",,Titktok,75441216,c6a406cd-fb8b-4f7c-a60b-822fbbff1fd7,SQL for Data Analyst,False,2,164.5,jordan delacruz
5f62a52c-feac-4d55-aacb-f5b9e82d4301,henryelcr@gmail.com,HENRY GANBERTI SANTA CRUZ BRAMON,APPROVED,2026-07-29 20:49:26.816980,100.0,279.0,"SQL for data Analyst, Excel for data Analyst",,Desconocido,,b5bd56ad-167a-493b-8f48-e66259e294bc,SQL for Data Analyst,False,2,50.0,jordan delacruz
5f62a52c-feac-4d55-aacb-f5b9e82d4301,henryelcr@gmail.com,HENRY GANBERTI SANTA CRUZ BRAMON,APPROVED,2026-07-29 20:49:26.816980,100.0,279.0,"SQL for data Analyst, Excel for data Analyst",,Desconocido,,b5bd56ad-167a-493b-8f48-e66259e294bc,Excel for Data Analyst,False,2,50.0,daniel surichaque
b7f83e8a-2027-4862-b630-4ea908a790f5,wfloreshuaytalla@gmail.com,WILLIAM AARON FLORES HUAYTALLA,APPROVED,2026-07-29 18:49:11.474688,99.0,169.0,SQL for data Analyst,,Titktok,75368373,8a7255cd-cf4b-4703-aee1-c7bdbdb0baea,SQL for Data Analyst,False,1,99.0,jordan delacruz
e9b54fff-e44c-4bb1-a91c-f99015ba978c,francardenasavalos@gmail.com,Francisco Cardenas Avalos,APPROVED,2026-07-29 20:49:26.816980,50.0,169.0,SQL for data Analyst,,Desconocido,,31a7733c-a543-4bb5-8645-fc38ced07c64,SQL for Data Analyst,False,1,50.0,jordan delacruz
87a60389-2e23-4f9f-a7ac-4f25fddda2ae,abelarcasi19@gmail.com,Abel Sebastian Arcasi Rivera,APPROVED,2026-07-29 20:34:01.189709,169.0,169.0,SQL for data Analyst,,Titktok,71380933,41a694fd-d04f-49df-b5ac-55c10b417de7,SQL for Data Analyst,False,1,169.0,jordan delacruz
c1e88e70-a0bf-43d2-90d1-5b21d4001a96,danielvizcar@gmail.com,Daniel Vizcardo Cruz,APPROVED,2026-07-29 20:49:26.816980,50.0,169.0,Excel for data Analyst,,Desconocido,,5f5ffb3b-798a-4af7-b459-4122d055ef41,Excel for Data Analyst,False,1,50.0,daniel surichaque
1db13693-5a04-4bbf-a732-37a98f80709c,wfloreshuaytalla@gmail.com,WILLIAM AARON FLORES HUAYTALLA,APPROVED,2026-07-29 20:49:26.816980,50.0,169.0,SQL for data Analyst,,Desconocido,,,SQL for Data Analyst,False,1,50.0,jordan delacruz
e83a709d-f15b-43cb-bdd9-70fd89c0c77b,alexanderjorgecastillo20@gmail.com,Alexander Jorge Castillo,APPROVED,2026-07-29 20:49:26.816980,50.0,169.0,SQL for data Enginier,,Desconocido,,,SQL for Data Engineer,False,1,50.0,(sin asignar)
06b47d50-5d6e-498c-b7d9-81d1355811a3,tp149054@gmail.com,Andy Manuel Trujillo Perez,APPROVED,2026-07-29 20:49:26.816980,50.0,169.0,Power BI Basico-Intermedio,,Desconocido,,1507da5f-a5e8-437a-b979-96cffd80649e,Power BI,False,1,50.0,junior candela
98f4731d-49db-4867-bd9c-67ea1398369e,aldanap.sebastian@gmail.com,Sebastian Aldana Pachas,APPROVED,2026-08-02 05:18:54.106333,707.0,757.0,Especialización de Data Analyst,Opción 1: Pago al contado (S/100 + S/657),Titktok,76644117,82c09bb3-0f53-4050-af19-949f82217d26,Excel for Data Analyst,True,3,235.66666666666666,daniel surichaque
98f4731d-49db-4867-bd9c-67ea1398369e,aldanap.sebastian@gmail.com,Sebastian Aldana Pachas,APPROVED,2026-08-02 05:18:54.106333,707.0,757.0,Especialización de Data Analyst,Opción 1: Pago al contado (S/100 + S/657),Titktok,76644117,82c09bb3-0f53-4050-af19-949f82217d26,SQL for Data Analyst,True,3,235.66666666666666,jordan delacruz
98f4731d-49db-4867-bd9c-67ea1398369e,aldanap.sebastian@gmail.com,Sebastian Aldana Pachas,APPROVED,2026-08-02 05:18:54.106333,707.0,757.0,Especialización de Data Analyst,Opción 1: Pago al contado (S/100 + S/657),Titktok,76644117,82c09bb3-0f53-4050-af19-949f82217d26,Power BI,True,3,235.66666666666666,junior candela
4ccca442-41a7-49bb-b641-dacf392635f8,valeriacamilahurtado@gmail.com,Valeria Camila Hurtado Vicuña,APPROVED,2026-08-03 13:42:59.456549,159.0,169.0,Power BI Basico-Intermedio,,Titktok,72115811,b75c01dc-9a8a-4949-a3b8-8927802cc91e,Power BI,False,1,159.0,junior candela
5ddae00c-504e-498b-be0e-8705b0ed2cfd,palominoleongino@gmail.com,GINO ALONZO PALOMINO LEON,APPROVED,2026-07-29 20:49:26.816980,100.0,169.0,SQL for data Enginier,,Desconocido,,83fae43a-9e40-41cd-b301-bf2699e1ad5e,SQL for Data Engineer,False,1,100.0,(sin asignar)
b48cfec7-b4a4-411a-a852-26f06f2bfbdd,anthonyjhoanpuentecarpio@gmail.com,Anthony Jhoan Puente Carpio,APPROVED,2026-08-03 23:03:15.650414,159.0,169.0,SQL for data Analyst,,Titktok,76378122,,SQL for Data Analyst,False,1,159.0,jordan delacruz
cdaf9ca7-d9a6-443c-98d8-0cf60b9d520e,oliveraluis2112@gmail.com,Luis Enrique Olivera García,APPROVED,2026-08-04 14:51:00.274747,757.0,757.0,Especialización de Data Analyst,Opción 1: Pago al contado (S/100 + S/657),Titktok,73016502,c8018726-58b0-468e-9d30-cb2ba9af5c47,Excel for Data Analyst,True,3,252.33333333333334,daniel surichaque
cdaf9ca7-d9a6-443c-98d8-0cf60b9d520e,oliveraluis2112@gmail.com,Luis Enrique Olivera García,APPROVED,2026-08-04 14:51:00.274747,757.0,757.0,Especialización de Data Analyst,Opción 1: Pago al contado (S/100 + S/657),Titktok,73016502,c8018726-58b0-468e-9d30-cb2ba9af5c47,SQL for Data Analyst,True,3,252.33333333333334,jordan delacruz
cdaf9ca7-d9a6-443c-98d8-0cf60b9d520e,oliveraluis2112@gmail.com,Luis Enrique Olivera García,APPROVED,2026-08-04 14:51:00.274747,757.0,757.0,Especialización de Data Analyst,Opción 1: Pago al contado (S/100 + S/657),Titktok,73016502,c8018726-58b0-468e-9d30-cb2ba9af5c47,Power BI,True,3,252.33333333333334,junior candela
4c670e48-4d07-49d3-8927-d0c990a06a2a,richardesteban53@gmail.com,Richard Daniel Esteban Rojas,APPROVED,2026-08-07 04:32:59.252261,179.0,169.0,SQL for data Analyst,,Titktok,75569992,20cc36cc-4154-486d-9aca-550015a8e39a,SQL for Data Analyst,False,1,179.0,jordan delacruz
49d384c5-3653-48e4-9701-a05cbec35b94,gian99d@gmail.com,Gian Carlos Javier Ruiz Lopez,APPROVED,2026-08-17 14:30:28.744647,757.0,757.0,Especialización de Data Analyst,Opción 1: Pago al contado (S/100 + S/657),Instagram,73220818,d27af6fa-ed93-4fb9-91ed-ff4cbc7d14c5,Excel for Data Analyst,True,3,252.33333333333334,daniel surichaque
49d384c5-3653-48e4-9701-a05cbec35b94,gian99d@gmail.com,Gian Carlos Javier Ruiz Lopez,APPROVED,2026-08-17 14:30:28.744647,757.0,757.0,Especialización de Data Analyst,Opción 1: Pago al contado (S/100 + S/657),Instagram,73220818,d27af6fa-ed93-4fb9-91ed-ff4cbc7d14c5,SQL for Data Analyst,True,3,252.33333333333334,jordan delacruz
49d384c5-3653-48e4-9701-a05cbec35b94,gian99d@gmail.com,Gian Carlos Javier Ruiz Lopez,APPROVED,2026-08-17 14:30:28.744647,757.0,757.0,Especialización de Data Analyst,Opción 1: Pago al contado (S/100 + S/657),Instagram,73220818,d27af6fa-ed93-4fb9-91ed-ff4cbc7d14c5,Power BI,True,3,252.33333333333334,junior candela
d37502c6-e80a-4000-8bb2-a5ad775f58f0,ba.chambergom@alum.up.edu.pe,Benjamin Alessio Chambergo Matute,APPROVED,2026-08-02 05:31:31.226726,179.0,169.0,SQL for data Analyst,,Titktok,76922691,9618fca2-41c9-4cb4-b522-2d7455fb4d75,SQL for Data Analyst,False,1,179.0,jordan delacruz
cba1a07f-c06f-445e-b71b-4cd3a085b35c,christian.limayalb@gmail.com,Christian Alexander Limay Albarracin,APPROVED,2026-08-03 23:18:45.779829,707.0,757.0,Especialización de Data Analyst,Opción 1: Pago al contado (S/100 + S/657),Titktok,47342105,bdb8c497-95dd-46ec-b91a-36e8f4a31103,Excel for Data Analyst,True,3,235.66666666666666,daniel surichaque
cba1a07f-c06f-445e-b71b-4cd3a085b35c,christian.limayalb@gmail.com,Christian Alexander Limay Albarracin,APPROVED,2026-08-03 23:18:45.779829,707.0,757.0,Especialización de Data Analyst,Opción 1: Pago al contado (S/100 + S/657),Titktok,47342105,bdb8c497-95dd-46ec-b91a-36e8f4a31103,SQL for Data Analyst,True,3,235.66666666666666,jordan delacruz
cba1a07f-c06f-445e-b71b-4cd3a085b35c,christian.limayalb@gmail.com,Christian Alexander Limay Albarracin,APPROVED,2026-08-03 23:18:45.779829,707.0,757.0,Especialización de Data Analyst,Opción 1: Pago al contado (S/100 + S/657),Titktok,47342105,bdb8c497-95dd-46ec-b91a-36e8f4a31103,Power BI,True,3,235.66666666666666,junior candela
1c8e7d3f-4190-4ed3-9ed7-baaa2bd92bb3,anmicoro18fii@gmail.com,Antony Michael Cordova Rosales,APPROVED,2026-08-05 02:52:17.975481,159.0,169.0,Power BI Basico-Intermedio,,Titktok,71645418,,Power BI,False,1,159.0,junior candela
da6d2268-27de-4210-ae56-9706f9a4078d,heygnersandoval@gmail.com,Heigner Jesus Sandoval Arrunategui,APPROVED,2026-08-18 00:49:02.026206,100.0,817.0,Especialización de Data Analyst,Opción 3: Pago en 3 cuotas (S/100 + S/299 + S/209 + S/209),Titktok,73856907,,Excel for Data Analyst,True,3,33.333333333333336,daniel surichaque
da6d2268-27de-4210-ae56-9706f9a4078d,heygnersandoval@gmail.com,Heigner Jesus Sandoval Arrunategui,APPROVED,2026-08-18 00:49:02.026206,100.0,817.0,Especialización de Data Analyst,Opción 3: Pago en 3 cuotas (S/100 + S/299 + S/209 + S/209),Titktok,73856907,,SQL for Data Analyst,True,3,33.333333333333336,jordan delacruz
da6d2268-27de-4210-ae56-9706f9a4078d,heygnersandoval@gmail.com,Heigner Jesus Sandoval Arrunategui,APPROVED,2026-08-18 00:49:02.026206,100.0,817.0,Especialización de Data Analyst,Opción 3: Pago en 3 cuotas (S/100 + S/299 + S/209 + S/209),Titktok,73856907,,Power BI,True,3,33.333333333333336,junior candela
2a3b95a7-e19a-4b18-b039-afd72a5f066e,guimarespettia@gmail.com,Guimar Alan Julian Espettia Salazar,APPROVED,2026-08-17 17:09:34.617202,50.0,,(sin especificar),,Instagram,70706423,,(sin especificar),False,1,50.0,(sin asignar)
a3859f39-c010-4b92-a79c-1a0a10511cab,tp149054@gmail.com,Andy Manuel Trujillo Perez,APPROVED,2026-08-02 20:01:28.669506,119.0,169.0,Power BI Basico-Intermedio,,Titktok,77694775,1507da5f-a5e8-437a-b979-96cffd80649e,Power BI,False,1,119.0,junior candela
e9aea5c7-2883-4fa9-88ae-1cb38d860057,dayanna_rs08@hotmail.com,Dayanna Solange Ramos Santisteban,APPROVED,2026-08-03 23:29:17.332771,169.0,169.0,Power BI Basico-Intermedio,,Instagram,72698221,2cbf2198-8ad6-41ed-9791-5d9746c9435e,Power BI,False,1,169.0,junior candela
859c2e18-096d-464d-b3fb-53c36faa0b7f,angiemanzanoj@gmail.com,Angie Nicole Manzano Jimenez,APPROVED,2026-08-05 04:14:45.229650,149.0,169.0,SQL for data Enginier,,Instagram,72404292,428e8be4-1e40-4d74-a733-0172d371d6cf,SQL for Data Engineer,False,1,149.0,(sin asignar)
2e1c7a63-756a-4ec5-9395-4c4d801c25c2,caparachindavid@gmail.com,David Julinho Caparachin Ricapa,APPROVED,2026-08-07 18:26:22.138184,179.0,169.0,SQL for data Analyst,,Titktok,73984369,721c17e6-88c3-4524-a317-bd709cafc01d,SQL for Data Analyst,False,1,179.0,jordan delacruz
aebf7b6d-a34d-4f7b-95b0-b10db88b7a91,salvadorkelly72@gmail.com,Kelly Alessandra Salvador Cahuana,APPROVED,2026-08-16 21:16:30.327708,169.0,169.0,Python for data Analyst,,Titktok,73178648,5ae79a91-5dca-4247-b8cf-c4527b11bd82,Python for Data Analyst,False,1,169.0,Jhon Velasque
9cefe43d-9d02-4aca-bb2b-8b601e7edef9,alfredchma@gmail.com,Mauricio Alfredo Choque Valdivia,APPROVED,2026-08-02 20:15:22.175915,259.0,788.0,Especialización de Data Analyst,Opción 2: Pago en 2 cuotas (S/100 + S/299 + S/389),Instagram,77077187,315c2d07-b711-4e21-a0e0-22ef1dcf8665,Excel for Data Analyst,True,3,86.33333333333333,daniel surichaque
9cefe43d-9d02-4aca-bb2b-8b601e7edef9,alfredchma@gmail.com,Mauricio Alfredo Choque Valdivia,APPROVED,2026-08-02 20:15:22.175915,259.0,788.0,Especialización de Data Analyst,Opción 2: Pago en 2 cuotas (S/100 + S/299 + S/389),Instagram,77077187,315c2d07-b711-4e21-a0e0-22ef1dcf8665,SQL for Data Analyst,True,3,86.33333333333333,jordan delacruz
9cefe43d-9d02-4aca-bb2b-8b601e7edef9,alfredchma@gmail.com,Mauricio Alfredo Choque Valdivia,APPROVED,2026-08-02 20:15:22.175915,259.0,788.0,Especialización de Data Analyst,Opción 2: Pago en 2 cuotas (S/100 + S/299 + S/389),Instagram,77077187,315c2d07-b711-4e21-a0e0-22ef1dcf8665,Power BI,True,3,86.33333333333333,junior candela
5f4f40ab-2586-499c-994f-86d81490ce51,nevermind.v4n@gmail.com,Vanessa Hualpa Baylon,APPROVED,2026-08-06 01:59:59.319085,159.0,169.0,Excel for data Analyst,,Titktok,73373566,ddaa0bc5-e158-47d0-a5a6-cb59c7287a1d,Excel for Data Analyst,False,1,159.0,daniel surichaque
be7d143f-0b71-4302-9f4e-887cdee7e2cd,alvaro.123zz46@gmail.com,Alvaro Aldahir Jimenez Huamani,APPROVED,2026-08-02 20:36:42.738294,179.0,169.0,Excel for data Analyst,,Titktok,75186503,4c7e925f-0ffc-4165-ba71-3ca276fb95d5,Excel for Data Analyst,False,1,179.0,daniel surichaque
af59fb9c-0286-4046-96b4-be2f9bee1b02,sebastian.vc.0820@gmail.com,Sebastian Vicente Curiñaupa,APPROVED,2026-08-03 23:50:34.355340,100.0,788.0,Especialización de Data Analyst,Opción 2: Pago en 2 cuotas (S/100 + S/299 + S/389),Titktok,72898557,4507497a-f0a4-45f1-8858-8420a2b443a1,Excel for Data Analyst,True,3,33.333333333333336,daniel surichaque
af59fb9c-0286-4046-96b4-be2f9bee1b02,sebastian.vc.0820@gmail.com,Sebastian Vicente Curiñaupa,APPROVED,2026-08-03 23:50:34.355340,100.0,788.0,Especialización de Data Analyst,Opción 2: Pago en 2 cuotas (S/100 + S/299 + S/389),Titktok,72898557,4507497a-f0a4-45f1-8858-8420a2b443a1,SQL for Data Analyst,True,3,33.333333333333336,jordan delacruz
af59fb9c-0286-4046-96b4-be2f9bee1b02,sebastian.vc.0820@gmail.com,Sebastian Vicente Curiñaupa,APPROVED,2026-08-03 23:50:34.355340,100.0,788.0,Especialización de Data Analyst,Opción 2: Pago en 2 cuotas (S/100 + S/299 + S/389),Titktok,72898557,4507497a-f0a4-45f1-8858-8420a2b443a1,Power BI,True,3,33.333333333333336,junior candela
82a99da6-a3cc-4776-a739-6e570009e861,kenji.huanca@gmail.com,KENJI ANTHONY HUANCA MAYTAN,APPROVED,2026-08-06 04:16:02.817639,159.0,169.0,SQL for data Enginier,,Titktok,47223887,39e20f4d-155f-484b-9c7e-06e09922e0d9,SQL for Data Engineer,False,1,159.0,(sin asignar)
52f26b9d-a348-41e9-a4e6-6580393ac90b,latorrejaramillolf@gmail.com,Luis Fernando La Torre Jaramillo,APPROVED,2026-08-14 21:01:02.294336,100.0,757.0,Especialización de Data Analyst,Opción 1: Pago al contado (S/100 + S/657),Titktok,76124340,,Excel for Data Analyst,True,3,33.333333333333336,daniel surichaque
52f26b9d-a348-41e9-a4e6-6580393ac90b,latorrejaramillolf@gmail.com,Luis Fernando La Torre Jaramillo,APPROVED,2026-08-14 21:01:02.294336,100.0,757.0,Especialización de Data Analyst,Opción 1: Pago al contado (S/100 + S/657),Titktok,76124340,,SQL for Data Analyst,True,3,33.333333333333336,jordan delacruz
52f26b9d-a348-41e9-a4e6-6580393ac90b,latorrejaramillolf@gmail.com,Luis Fernando La Torre Jaramillo,APPROVED,2026-08-14 21:01:02.294336,100.0,757.0,Especialización de Data Analyst,Opción 1: Pago al contado (S/100 + S/657),Titktok,76124340,,Power BI,True,3,33.333333333333336,junior candela
6bb03488-8ed4-43bd-b5f4-e2c7bff6ea0c,river.vela790@gmail.com,Bruno Anthony Riveros Vela,APPROVED,2026-08-08 19:49:17.418541,50.0,169.0,SQL for data Analyst,,Titktok,72323121,,SQL for Data Analyst,False,1,50.0,jordan delacruz
01c6d4dd-03fa-444a-ba7b-418b798e6107,wspulloalucero5@gmail.com,Lucero Alicia Ulloa Mallaopoma,APPROVED,2026-08-02 22:08:02.750196,169.0,169.0,SQL for data Analyst,,Titktok,76192630,b0e9516b-2680-4b83-a3de-9fecfcf9b468,SQL for Data Analyst,False,1,169.0,jordan delacruz
6a52b68f-0f45-4c7e-b4b5-cbd42e5e502b,dnjarmass@gmail.com,DAMARIS NAJAR MASS,APPROVED,2026-08-04 02:19:48.929500,179.0,169.0,Excel for data Analyst,,Titktok,72239340,15b8554b-0097-4325-ac9c-6d5b8fa72a04,Excel for Data Analyst,False,1,179.0,daniel surichaque
7673ccad-9dd5-42dc-bdba-d3aab1d1983e,alfredchma@gmail.com,MAURICIO ALFREDO CHOQUE VALDIVIA,APPROVED,2026-07-19 00:00:00.000000,100.0,788.0,Especialización de Data Analyst,Opción 2: Pago en 2 cuotas,Desconocido,,315c2d07-b711-4e21-a0e0-22ef1dcf8665,Excel for Data Analyst,True,3,33.333333333333336,daniel surichaque
7673ccad-9dd5-42dc-bdba-d3aab1d1983e,alfredchma@gmail.com,MAURICIO ALFREDO CHOQUE VALDIVIA,APPROVED,2026-07-19 00:00:00.000000,100.0,788.0,Especialización de Data Analyst,Opción 2: Pago en 2 cuotas,Desconocido,,315c2d07-b711-4e21-a0e0-22ef1dcf8665,SQL for Data Analyst,True,3,33.333333333333336,jordan delacruz
7673ccad-9dd5-42dc-bdba-d3aab1d1983e,alfredchma@gmail.com,MAURICIO ALFREDO CHOQUE VALDIVIA,APPROVED,2026-07-19 00:00:00.000000,100.0,788.0,Especialización de Data Analyst,Opción 2: Pago en 2 cuotas,Desconocido,,315c2d07-b711-4e21-a0e0-22ef1dcf8665,Power BI,True,3,33.333333333333336,junior candela
75108a50-d8e7-454e-b084-fe49ec7fb7a7,edu201888@gmail.com,Jose eduardo quintana cavero,APPROVED,2026-07-29 20:49:26.816980,50.0,169.0,Power BI Basico-Intermedio,,Desconocido,,bce4680e-9901-4aed-a222-74211697eeae,Power BI,False,1,50.0,junior candela
9bd99359-ef56-429b-857d-d6ba35eab00e,nathyraez@gmail.com,Nathaly Rossy Raez Chirinos,APPROVED,2026-08-06 23:59:56.003699,129.0,169.0,SQL for data Enginier,,Titktok,44769106,2a982085-c8cb-491e-9872-4647bd714cef,SQL for Data Engineer,False,1,129.0,(sin asignar)
82a12695-2624-4d45-abcd-d4369f3f465d,emmanuel010802@gmail.com,Carlos Emmanuel Espinoza,APPROVED,2026-08-18 01:17:37.835383,100.0,279.0,"Power BI Basico-Intermedio, SQL for data Enginier",,Titktok,72963909,,Power BI,False,2,50.0,junior candela
82a12695-2624-4d45-abcd-d4369f3f465d,emmanuel010802@gmail.com,Carlos Emmanuel Espinoza,APPROVED,2026-08-18 01:17:37.835383,100.0,279.0,"Power BI Basico-Intermedio, SQL for data Enginier",,Titktok,72963909,,SQL for Data Engineer,False,2,50.0,(sin asignar)
c566ef37-a3d2-48ad-ab73-ac72ab591f11,alejandrobarrialt@gmail.com,Carlos Alejandro Aranda Barrial,APPROVED,2026-08-15 17:41:34.463930,100.0,757.0,Especialización de Data Analyst,Opción 1: Pago al contado (S/100 + S/657),Titktok,71539351,,Excel for Data Analyst,True,3,33.333333333333336,daniel surichaque
c566ef37-a3d2-48ad-ab73-ac72ab591f11,alejandrobarrialt@gmail.com,Carlos Alejandro Aranda Barrial,APPROVED,2026-08-15 17:41:34.463930,100.0,757.0,Especialización de Data Analyst,Opción 1: Pago al contado (S/100 + S/657),Titktok,71539351,,SQL for Data Analyst,True,3,33.333333333333336,jordan delacruz
c566ef37-a3d2-48ad-ab73-ac72ab591f11,alejandrobarrialt@gmail.com,Carlos Alejandro Aranda Barrial,APPROVED,2026-08-15 17:41:34.463930,100.0,757.0,Especialización de Data Analyst,Opción 1: Pago al contado (S/100 + S/657),Titktok,71539351,,Power BI,True,3,33.333333333333336,junior candela
0344f812-d7c3-4d76-9e0a-973e27e31d6e,venegasalexander1c1302190@gmail.com,Alexander Adolfo Venegas Venegas,APPROVED,2026-08-17 19:09:36.738197,100.0,757.0,Especialización de Data Analyst,Opción 1: Pago al contado (S/100 + S/657),Titktok,72911360,,Excel for Data Analyst,True,3,33.333333333333336,daniel surichaque
0344f812-d7c3-4d76-9e0a-973e27e31d6e,venegasalexander1c1302190@gmail.com,Alexander Adolfo Venegas Venegas,APPROVED,2026-08-17 19:09:36.738197,100.0,757.0,Especialización de Data Analyst,Opción 1: Pago al contado (S/100 + S/657),Titktok,72911360,,SQL for Data Analyst,True,3,33.333333333333336,jordan delacruz
0344f812-d7c3-4d76-9e0a-973e27e31d6e,venegasalexander1c1302190@gmail.com,Alexander Adolfo Venegas Venegas,APPROVED,2026-08-17 19:09:36.738197,100.0,757.0,Especialización de Data Analyst,Opción 1: Pago al contado (S/100 + S/657),Titktok,72911360,,Power BI,True,3,33.333333333333336,junior candela
b6f04dc5-117e-4c7b-b9cb-b942a1f86361,chavovinces67@gmail.com,Carlos Santiago Zapata Vinces,APPROVED,2026-08-19 01:23:29.215457,50.0,169.0,SQL for data Analyst,,Titktok,75083514,,SQL for Data Analyst,False,1,50.0,jordan delacruz
3c024b48-5ef8-4934-bc4d-1712f4a4e936,palominoleongino@gmail.com,gino alonzo palomino leon,APPROVED,2026-08-02 05:07:06.462831,179.0,169.0,SQL for data Enginier,,Titktok,76174462,83fae43a-9e40-41cd-b301-bf2699e1ad5e,SQL for Data Engineer,False,1,179.0,(sin asignar)
044d8dd7-ab39-4ef7-85f2-5270da4f21e8,valentinsebastian540@gmail.com,sebastian Valentín Malparida,APPROVED,2026-08-03 00:39:08.603761,609.0,,Especialización de Data Analyst,,Instagram,73141722,ee5a79e1-ee44-4b02-8e79-f1692bd044a0,Excel for Data Analyst,True,3,203.0,daniel surichaque
044d8dd7-ab39-4ef7-85f2-5270da4f21e8,valentinsebastian540@gmail.com,sebastian Valentín Malparida,APPROVED,2026-08-03 00:39:08.603761,609.0,,Especialización de Data Analyst,,Instagram,73141722,ee5a79e1-ee44-4b02-8e79-f1692bd044a0,SQL for Data Analyst,True,3,203.0,jordan delacruz
044d8dd7-ab39-4ef7-85f2-5270da4f21e8,valentinsebastian540@gmail.com,sebastian Valentín Malparida,APPROVED,2026-08-03 00:39:08.603761,609.0,,Especialización de Data Analyst,,Instagram,73141722,ee5a79e1-ee44-4b02-8e79-f1692bd044a0,Power BI,True,3,203.0,junior candela
0bef4b72-a1aa-4c1f-b3a5-4424957c88d2,valeria2ureta6@gmail.com,Valeria Thais Ureta Llanque,APPROVED,2026-08-07 00:16:05.423318,179.0,169.0,SQL for data Analyst,,Titktok,72906057,d61ae9c1-aef4-47e2-b8d8-7475367cf90a,SQL for Data Analyst,False,1,179.0,jordan delacruz
a43f1706-0cbc-4509-8c69-c9cc1cbe8412,alejandrogabrielsorianopalo@gmail.com,Alejandro Gabriel Soriano Palomino,APPROVED,2026-08-18 00:29:59.558290,100.0,757.0,Especialización de Data Analyst,Opción 1: Pago al contado (S/100 + S/657),Titktok,72544864,,Excel for Data Analyst,True,3,33.333333333333336,daniel surichaque
a43f1706-0cbc-4509-8c69-c9cc1cbe8412,alejandrogabrielsorianopalo@gmail.com,Alejandro Gabriel Soriano Palomino,APPROVED,2026-08-18 00:29:59.558290,100.0,757.0,Especialización de Data Analyst,Opción 1: Pago al contado (S/100 + S/657),Titktok,72544864,,SQL for Data Analyst,True,3,33.333333333333336,jordan delacruz
a43f1706-0cbc-4509-8c69-c9cc1cbe8412,alejandrogabrielsorianopalo@gmail.com,Alejandro Gabriel Soriano Palomino,APPROVED,2026-08-18 00:29:59.558290,100.0,757.0,Especialización de Data Analyst,Opción 1: Pago al contado (S/100 + S/657),Titktok,72544864,,Power BI,True,3,33.333333333333336,junior candela
