id_matricula,id_usuario,id_curso,pct_avance,num_lecciones_ok,fec_matricula,fec_completado,fec_ultimo_acceso,email,nombre,rol,des_curso,des_curso_canonico,num_edicion,id_profesor,des_profesor
4f34d296-2b2f-49c2-bebf-9a48dd0c66c3,99ad688c-a44e-48e9-b2ef-7c34528fa345,1a17367d-d1ee-4ea9-a521-7f05a3913f19,0,0,2026-07-16 16:52:18.721022,,,estudiante1@gmail.com,estudiante1 ,STUDENT,Edición 3 | Power BI,Power BI,3,a69513b4-f4f1-470e-bf71-2d4036543c19,Jhon Velasque
6b6a4a7d-3741-441b-9880-7a622a627294,188ad9b1-361a-4556-9691-ed4f645ef86b,5bc34270-030a-4e8e-903b-1225604dbd13,0,0,2026-07-29 18:00:09.437703,,,merinojames@hotmail.com,James Rolando Merino Colcas,STUDENT,3ERA EDICION| Python for data Analyst,Python for Data Analyst,3,a69513b4-f4f1-470e-bf71-2d4036543c19,Jhon Velasque
c29d0df5-b69e-4f0f-8dd6-73fb24ddcbb4,ef43a4a9-c5c7-4483-ac09-2f0981ad1ebe,fefa7113-18cb-42d2-b72b-7f1b006db66c,0,0,2026-07-26 22:34:32.002956,,,meli231144@gmail.com,Melissa Katherine Ponce Fernández,STUDENT,Edición 3 | Excel for data analyst,Excel for Data Analyst,3,a69513b4-f4f1-470e-bf71-2d4036543c19,Jhon Velasque
5566ed63-0620-4cd6-a432-f97dd071f2fc,69034bc6-7b57-470a-bbd0-d61810a9f2ac,fefa7113-18cb-42d2-b72b-7f1b006db66c,0,0,2026-07-26 22:34:32.369466,,,edujuegos31245@gmail.com,EDU JOSEPH SANCHEZ GOTEA,STUDENT,Edición 3 | Excel for data analyst,Excel for Data Analyst,3,a69513b4-f4f1-470e-bf71-2d4036543c19,Jhon Velasque
5bae1264-c263-48dc-8c29-25a9d97fcab9,64289635-01f9-4e5c-99c2-0f6c38cc0315,fefa7113-18cb-42d2-b72b-7f1b006db66c,0,0,2026-07-26 22:34:32.745071,,,972847175campo@gmail.com,Joseluis Antonio Campo Bocanegra,STUDENT,Edición 3 | Excel for data analyst,Excel for Data Analyst,3,a69513b4-f4f1-470e-bf71-2d4036543c19,Jhon Velasque
b03cfadb-04b2-4bbe-a6f1-f8a581d50f69,53ff0875-13f8-4948-88a0-a5563b8271fd,fefa7113-18cb-42d2-b72b-7f1b006db66c,0,0,2026-07-26 22:34:33.107073,,,valerajeanpier26@gmail.com,Jeanpier Michaelson Valera Yana,STUDENT,Edición 3 | Excel for data analyst,Excel for Data Analyst,3,a69513b4-f4f1-470e-bf71-2d4036543c19,Jhon Velasque
016293c1-260a-4835-b526-fafb4bc90dda,1b6aa698-9e3f-4ed4-862e-e34d9533b4ef,fefa7113-18cb-42d2-b72b-7f1b006db66c,0,0,2026-07-26 22:34:33.469521,,,velizmajo28@gmail.com,María José Veliz de la Cruz,STUDENT,Edición 3 | Excel for data analyst,Excel for Data Analyst,3,a69513b4-f4f1-470e-bf71-2d4036543c19,Jhon Velasque
86fe06fd-cba1-4942-91ba-f390484b5d4d,2ba56c92-a4ab-427c-b812-30e288e59ca8,fefa7113-18cb-42d2-b72b-7f1b006db66c,0,0,2026-07-26 22:34:33.831556,,,cusidiego291@gmail.com,Diego Oswaldo Cusi Ccaihuari,STUDENT,Edición 3 | Excel for data analyst,Excel for Data Analyst,3,a69513b4-f4f1-470e-bf71-2d4036543c19,Jhon Velasque
048be383-a3a4-4479-b4eb-f6551e222022,cc1fddbd-8409-4cd2-9f40-4c6f0aa63cfb,97d3266d-49ab-4d0b-9fd4-f5ceda23401e,0,0,2026-07-27 02:29:01.906550,,,jeanvelasque75@gmail.com,jhon carlos jea paul velasque,STUDENT,4TA EDICION| SQL Intermedio-Avanzado,SQL Intermedio-Avanzado,4,735eac2e-bc2e-4548-b4e4-7751cfdfd631,JHON CARLOS VELASQUE DURAND
538306f7-72ab-4beb-a264-70c4da155600,cc1fddbd-8409-4cd2-9f40-4c6f0aa63cfb,13fb3b78-8f36-427c-b4e0-de38b0e13619,0,0,2026-07-27 02:30:14.176451,,,jeanvelasque75@gmail.com,jhon carlos jea paul velasque,STUDENT,Edición 3 | SQL for Data Analyst,SQL for Data Analyst,3,a69513b4-f4f1-470e-bf71-2d4036543c19,Jhon Velasque
51915514-9907-4a47-a710-682d4c86629b,cc1fddbd-8409-4cd2-9f40-4c6f0aa63cfb,1a17367d-d1ee-4ea9-a521-7f05a3913f19,0,0,2026-07-27 02:30:35.271118,,,jeanvelasque75@gmail.com,jhon carlos jea paul velasque,STUDENT,Edición 3 | Power BI,Power BI,3,a69513b4-f4f1-470e-bf71-2d4036543c19,Jhon Velasque
9a89766f-084a-406c-bda0-c8899df7c86f,cc1fddbd-8409-4cd2-9f40-4c6f0aa63cfb,fefa7113-18cb-42d2-b72b-7f1b006db66c,0,0,2026-07-27 02:30:38.681744,,,jeanvelasque75@gmail.com,jhon carlos jea paul velasque,STUDENT,Edición 3 | Excel for data analyst,Excel for Data Analyst,3,a69513b4-f4f1-470e-bf71-2d4036543c19,Jhon Velasque
93982f8c-0144-4626-8be8-afcf92e003e7,94293003-87ff-41f9-9f85-39ba9569f847,979c6644-aa02-4cdc-b001-abbba99add23,0,0,2026-07-28 01:45:43.260523,,,alexcercado29@gmail.com,Alex Enrique Cercado Monroy,STUDENT,4 EDICION |SQL para Data Analyst,SQL for Data Analyst,4,9d7e703e-dc80-4ef7-95f6-66da285df699,jordan delacruz
453d7ece-4f7d-49f6-a3f4-161ea3dfd2ae,94293003-87ff-41f9-9f85-39ba9569f847,177735de-789d-42e7-900c-5f0466dead78,0,0,2026-07-28 01:45:57.522225,,,alexcercado29@gmail.com,Alex Enrique Cercado Monroy,STUDENT,4 EDICION |Excel for Data Analyst,Excel for Data Analyst,4,67405dc6-1848-462f-b9f6-3c8dd43e9fec,daniel surichaque
b6155fe9-1881-4067-931d-a3dc15b8826d,94293003-87ff-41f9-9f85-39ba9569f847,fefa7113-18cb-42d2-b72b-7f1b006db66c,0,0,2026-07-28 01:46:34.713217,,,alexcercado29@gmail.com,Alex Enrique Cercado Monroy,STUDENT,Edición 3 | Excel for data analyst,Excel for Data Analyst,3,a69513b4-f4f1-470e-bf71-2d4036543c19,Jhon Velasque
389230fc-da44-4117-a3f8-b168ba22c35d,94293003-87ff-41f9-9f85-39ba9569f847,13fb3b78-8f36-427c-b4e0-de38b0e13619,0,0,2026-07-28 01:46:37.602568,,,alexcercado29@gmail.com,Alex Enrique Cercado Monroy,STUDENT,Edición 3 | SQL for Data Analyst,SQL for Data Analyst,3,a69513b4-f4f1-470e-bf71-2d4036543c19,Jhon Velasque
b97f2abe-a5ea-4fb9-8af3-d1a9e127d3b2,93766510-7667-4840-b7d0-e9ac42418021,13fb3b78-8f36-427c-b4e0-de38b0e13619,0,0,2026-07-28 01:58:14.726139,,,nicollemautino@gmail.com,Nicolle Esther Mautino Borja,STUDENT,Edición 3 | SQL for Data Analyst,SQL for Data Analyst,3,a69513b4-f4f1-470e-bf71-2d4036543c19,Jhon Velasque
7e305fab-fdb2-45ad-af9d-c70209a2b520,93766510-7667-4840-b7d0-e9ac42418021,1a17367d-d1ee-4ea9-a521-7f05a3913f19,0,0,2026-07-28 01:58:18.300874,,,nicollemautino@gmail.com,Nicolle Esther Mautino Borja,STUDENT,Edición 3 | Power BI,Power BI,3,a69513b4-f4f1-470e-bf71-2d4036543c19,Jhon Velasque
83f04c4c-d14e-4a5c-baa4-c30b9320bbc1,93766510-7667-4840-b7d0-e9ac42418021,fefa7113-18cb-42d2-b72b-7f1b006db66c,0,0,2026-07-28 01:58:23.592509,,,nicollemautino@gmail.com,Nicolle Esther Mautino Borja,STUDENT,Edición 3 | Excel for data analyst,Excel for Data Analyst,3,a69513b4-f4f1-470e-bf71-2d4036543c19,Jhon Velasque
69cfda92-8ee1-4d66-9b6e-ef2832a05e9f,93766510-7667-4840-b7d0-e9ac42418021,177735de-789d-42e7-900c-5f0466dead78,0,0,2026-07-28 01:58:35.966153,,,nicollemautino@gmail.com,Nicolle Esther Mautino Borja,STUDENT,4 EDICION |Excel for Data Analyst,Excel for Data Analyst,4,67405dc6-1848-462f-b9f6-3c8dd43e9fec,daniel surichaque
ab0e8086-3cd3-44f2-bb11-cb7f8c3bb4de,93766510-7667-4840-b7d0-e9ac42418021,979c6644-aa02-4cdc-b001-abbba99add23,0,0,2026-07-28 01:58:57.824001,,,nicollemautino@gmail.com,Nicolle Esther Mautino Borja,STUDENT,4 EDICION |SQL para Data Analyst,SQL for Data Analyst,4,9d7e703e-dc80-4ef7-95f6-66da285df699,jordan delacruz
d627d42a-f735-4f46-829d-7864d0dbb923,a2526ccd-3e40-4516-8672-64debcb98bef,13fb3b78-8f36-427c-b4e0-de38b0e13619,0,0,2026-07-28 02:00:55.286812,,,mateopieroaldair@gmail.com,Piero Aldair Mateo Tito,STUDENT,Edición 3 | SQL for Data Analyst,SQL for Data Analyst,3,a69513b4-f4f1-470e-bf71-2d4036543c19,Jhon Velasque
a48f88ae-6a47-481e-9dba-9eac112099cb,e9b8853b-a0ef-49a2-8d36-fdbbf59302c6,13fb3b78-8f36-427c-b4e0-de38b0e13619,0,0,2026-07-28 03:00:23.237289,,,fernand0guzfer547@gmail.com,Fernando Jose Guzman Fernandez,STUDENT,Edición 3 | SQL for Data Analyst,SQL for Data Analyst,3,a69513b4-f4f1-470e-bf71-2d4036543c19,Jhon Velasque
e8ba1c4a-9de6-4fe1-84e8-e0a4d06a5f61,e9b8853b-a0ef-49a2-8d36-fdbbf59302c6,1a17367d-d1ee-4ea9-a521-7f05a3913f19,0,0,2026-07-28 03:00:26.700664,,,fernand0guzfer547@gmail.com,Fernando Jose Guzman Fernandez,STUDENT,Edición 3 | Power BI,Power BI,3,a69513b4-f4f1-470e-bf71-2d4036543c19,Jhon Velasque
ab71f1fc-2411-4221-a064-c32d2c6a42f5,e9b8853b-a0ef-49a2-8d36-fdbbf59302c6,fefa7113-18cb-42d2-b72b-7f1b006db66c,0,0,2026-07-28 03:00:29.501007,,,fernand0guzfer547@gmail.com,Fernando Jose Guzman Fernandez,STUDENT,Edición 3 | Excel for data analyst,Excel for Data Analyst,3,a69513b4-f4f1-470e-bf71-2d4036543c19,Jhon Velasque
a9edfc31-4083-4053-8572-1da8582ce395,e9b8853b-a0ef-49a2-8d36-fdbbf59302c6,979c6644-aa02-4cdc-b001-abbba99add23,0,0,2026-07-28 03:01:01.926498,,,fernand0guzfer547@gmail.com,Fernando Jose Guzman Fernandez,STUDENT,4 EDICION |SQL para Data Analyst,SQL for Data Analyst,4,9d7e703e-dc80-4ef7-95f6-66da285df699,jordan delacruz
191f38c8-57d5-4b3e-8284-e907b73304f2,e9b8853b-a0ef-49a2-8d36-fdbbf59302c6,177735de-789d-42e7-900c-5f0466dead78,0,0,2026-07-28 03:01:12.553108,,,fernand0guzfer547@gmail.com,Fernando Jose Guzman Fernandez,STUDENT,4 EDICION |Excel for Data Analyst,Excel for Data Analyst,4,67405dc6-1848-462f-b9f6-3c8dd43e9fec,daniel surichaque
24c0ad6b-e834-4019-aa84-661403943f6d,c32ce992-5b4f-4b9a-b47a-e6779ca98b16,fefa7113-18cb-42d2-b72b-7f1b006db66c,0,0,2026-07-29 03:38:53.099406,,,khaoz20624@gmail.com,Alexander Jeferson Arce Crisanto,STUDENT,Edición 3 | Excel for data analyst,Excel for Data Analyst,3,a69513b4-f4f1-470e-bf71-2d4036543c19,Jhon Velasque
300fd034-4594-4132-a6cc-2fea1ff08c53,c32ce992-5b4f-4b9a-b47a-e6779ca98b16,13fb3b78-8f36-427c-b4e0-de38b0e13619,0,0,2026-07-29 03:39:02.709582,,,khaoz20624@gmail.com,Alexander Jeferson Arce Crisanto,STUDENT,Edición 3 | SQL for Data Analyst,SQL for Data Analyst,3,a69513b4-f4f1-470e-bf71-2d4036543c19,Jhon Velasque
43df1ce9-f19a-4377-b945-8c1ff77b3b84,ca3747a2-3063-4a46-8310-245afeb2e492,fefa7113-18cb-42d2-b72b-7f1b006db66c,0,0,2026-07-29 04:06:30.410174,,,alanrauljq17@gmail.com,Alan Raul Jiménez Quispe,STUDENT,Edición 3 | Excel for data analyst,Excel for Data Analyst,3,a69513b4-f4f1-470e-bf71-2d4036543c19,Jhon Velasque
8ed27b62-dcac-4d08-96d4-a1544e67ee0d,b0fc25c6-7dd5-4b1e-9c40-e2191ac28339,1fb1d502-316a-4eb6-9854-82ddccbf554a,0,0,2026-07-29 15:44:56.576376,,,adrianchuchullo@gmail.com,Adrian Chuchullo Rumi,STUDENT,4 EDICION |Power BI for Data Analyst,Power BI,4,3f787d87-3788-4375-a9c0-6cd6c28adc6c,junior candela
5fef8b9b-6b59-42b0-938b-2a01e60918b1,cb35b780-8bcf-44ca-a78a-56da0978397c,1fb1d502-316a-4eb6-9854-82ddccbf554a,0,0,2026-07-29 15:46:12.593441,,,bryanbv2697@gmail.com,Bryan Fernando Barba Vargas,STUDENT,4 EDICION |Power BI for Data Analyst,Power BI,4,3f787d87-3788-4375-a9c0-6cd6c28adc6c,junior candela
95ea2102-9a5c-4cc1-a8d1-707fb58fc485,5b1c23b4-92c5-40b1-85cd-9d490465b465,97d3266d-49ab-4d0b-9fd4-f5ceda23401e,0,0,2026-07-29 16:17:42.284292,,,arathhh123@gmail.com,Martin Arath Taboada Rivera,STUDENT,4TA EDICION| SQL Intermedio-Avanzado,SQL Intermedio-Avanzado,4,735eac2e-bc2e-4548-b4e4-7751cfdfd631,JHON CARLOS VELASQUE DURAND
fb1f6a00-4d57-47f9-9cc1-7172de43ebfc,5d8e58fb-0a55-4696-98c5-f84065726df1,97d3266d-49ab-4d0b-9fd4-f5ceda23401e,0,0,2026-07-29 16:18:07.624021,,,daviiidramirezrosales@gmail.com,David Gianfranco Ramirez Rosales,STUDENT,4TA EDICION| SQL Intermedio-Avanzado,SQL Intermedio-Avanzado,4,735eac2e-bc2e-4548-b4e4-7751cfdfd631,JHON CARLOS VELASQUE DURAND
6dac3bb6-7d42-4e40-906d-3713e76aa1c8,bee5a90f-5984-4cf7-b693-d207120bb6ad,97d3266d-49ab-4d0b-9fd4-f5ceda23401e,0,0,2026-07-29 16:35:45.459707,,,alexanderjorgecastillo20@gmail.com,Alexander Jorge Castillo,STUDENT,4TA EDICION| SQL Intermedio-Avanzado,SQL Intermedio-Avanzado,4,735eac2e-bc2e-4548-b4e4-7751cfdfd631,JHON CARLOS VELASQUE DURAND
5fd35b62-b125-4967-8cd2-a4822dc79892,bee5a90f-5984-4cf7-b693-d207120bb6ad,13fb3b78-8f36-427c-b4e0-de38b0e13619,0,0,2026-07-29 16:35:57.618612,,,alexanderjorgecastillo20@gmail.com,Alexander Jorge Castillo,STUDENT,Edición 3 | SQL for Data Analyst,SQL for Data Analyst,3,a69513b4-f4f1-470e-bf71-2d4036543c19,Jhon Velasque
4779958d-5214-485f-b6e2-c7b12ae47a41,dec4b74a-446a-4c97-8ad7-3a358e6c4b83,13fb3b78-8f36-427c-b4e0-de38b0e13619,0,0,2026-07-29 17:36:21.979864,,,yampiermq07@gmail.com,Yampier Marcelo Quispe,STUDENT,Edición 3 | SQL for Data Analyst,SQL for Data Analyst,3,a69513b4-f4f1-470e-bf71-2d4036543c19,Jhon Velasque
44c6d5c5-9a7a-4334-9183-d9b60775855e,dec4b74a-446a-4c97-8ad7-3a358e6c4b83,5bc34270-030a-4e8e-903b-1225604dbd13,0,0,2026-07-29 18:00:19.163256,,,yampiermq07@gmail.com,Yampier Marcelo Quispe,STUDENT,3ERA EDICION| Python for data Analyst,Python for Data Analyst,3,a69513b4-f4f1-470e-bf71-2d4036543c19,Jhon Velasque
59ce6514-63cc-4f4e-a1d0-5c5b8d07dd22,ab9e5d88-a1e9-4b23-b04f-e549c0e8af62,1a17367d-d1ee-4ea9-a521-7f05a3913f19,0,0,2026-07-29 18:11:36.089260,,,juliohuidobro21@gmail.com,HUIDOBRO TRUJILLO JULIO CESAR,STUDENT,Edición 3 | Power BI,Power BI,3,a69513b4-f4f1-470e-bf71-2d4036543c19,Jhon Velasque
d6b77f5d-a219-4640-8538-442f08f1a54e,ab9e5d88-a1e9-4b23-b04f-e549c0e8af62,1fb1d502-316a-4eb6-9854-82ddccbf554a,0,0,2026-07-29 18:12:14.891127,,,juliohuidobro21@gmail.com,HUIDOBRO TRUJILLO JULIO CESAR,STUDENT,4 EDICION |Power BI for Data Analyst,Power BI,4,3f787d87-3788-4375-a9c0-6cd6c28adc6c,junior candela
cace5c73-9f0b-4f06-84ac-bf35cb4b155e,70911b3e-5b1c-4276-950b-0d42e89163b7,13fb3b78-8f36-427c-b4e0-de38b0e13619,0,0,2026-07-29 18:19:13.431717,,,diegoagameroc@gmail.com,DIEGO ANDRÉS GAMERO COTRINA,STUDENT,Edición 3 | SQL for Data Analyst,SQL for Data Analyst,3,a69513b4-f4f1-470e-bf71-2d4036543c19,Jhon Velasque
ded980ba-900a-45cf-9b32-667462e8dd31,70911b3e-5b1c-4276-950b-0d42e89163b7,1a17367d-d1ee-4ea9-a521-7f05a3913f19,0,0,2026-07-29 18:19:18.726227,,,diegoagameroc@gmail.com,DIEGO ANDRÉS GAMERO COTRINA,STUDENT,Edición 3 | Power BI,Power BI,3,a69513b4-f4f1-470e-bf71-2d4036543c19,Jhon Velasque
a5f4c77d-baa1-41c2-b6f4-4b701c695425,70911b3e-5b1c-4276-950b-0d42e89163b7,fefa7113-18cb-42d2-b72b-7f1b006db66c,0,0,2026-07-29 18:19:24.272036,,,diegoagameroc@gmail.com,DIEGO ANDRÉS GAMERO COTRINA,STUDENT,Edición 3 | Excel for data analyst,Excel for Data Analyst,3,a69513b4-f4f1-470e-bf71-2d4036543c19,Jhon Velasque
9541b0a0-d1fe-4feb-924a-7ec2835d9933,70911b3e-5b1c-4276-950b-0d42e89163b7,1fb1d502-316a-4eb6-9854-82ddccbf554a,0,0,2026-07-29 18:19:39.677766,,,diegoagameroc@gmail.com,DIEGO ANDRÉS GAMERO COTRINA,STUDENT,4 EDICION |Power BI for Data Analyst,Power BI,4,3f787d87-3788-4375-a9c0-6cd6c28adc6c,junior candela
fd4e1943-a847-4f0f-93f1-4ef2578c4c50,70911b3e-5b1c-4276-950b-0d42e89163b7,177735de-789d-42e7-900c-5f0466dead78,0,0,2026-07-29 18:19:55.553123,,,diegoagameroc@gmail.com,DIEGO ANDRÉS GAMERO COTRINA,STUDENT,4 EDICION |Excel for Data Analyst,Excel for Data Analyst,4,67405dc6-1848-462f-b9f6-3c8dd43e9fec,daniel surichaque
fc758c25-3efa-46c5-ac5b-1e39ae336586,70911b3e-5b1c-4276-950b-0d42e89163b7,97d3266d-49ab-4d0b-9fd4-f5ceda23401e,0,0,2026-07-29 18:24:57.808585,,,diegoagameroc@gmail.com,DIEGO ANDRÉS GAMERO COTRINA,STUDENT,4TA EDICION| SQL Intermedio-Avanzado,SQL Intermedio-Avanzado,4,735eac2e-bc2e-4548-b4e4-7751cfdfd631,JHON CARLOS VELASQUE DURAND
4a1d0e52-f291-4e52-bc26-1084c8a1c29f,8a7255cd-cf4b-4703-aee1-c7bdbdb0baea,13fb3b78-8f36-427c-b4e0-de38b0e13619,0,0,2026-07-29 19:43:11.788537,,,wfloreshuaytalla@gmail.com,WILLIAM AARON FLORES HUAYTALLA,STUDENT,Edición 3 | SQL for Data Analyst,SQL for Data Analyst,3,a69513b4-f4f1-470e-bf71-2d4036543c19,Jhon Velasque
32ebd20b-0dd7-4dc4-90cc-518d0873bb71,15da78f8-7c2c-4954-a921-881ba65b4f81,13fb3b78-8f36-427c-b4e0-de38b0e13619,0,0,2026-07-29 21:44:13.914912,,,jorgeauccaccollatupa@gmail.com,Jorge luis Aucca Ccollatupa,STUDENT,Edición 3 | SQL for Data Analyst,SQL for Data Analyst,3,a69513b4-f4f1-470e-bf71-2d4036543c19,Jhon Velasque
79828154-7256-47d5-9eb8-4e973b91254b,15da78f8-7c2c-4954-a921-881ba65b4f81,97d3266d-49ab-4d0b-9fd4-f5ceda23401e,0,0,2026-07-29 21:44:39.341338,,,jorgeauccaccollatupa@gmail.com,Jorge luis Aucca Ccollatupa,STUDENT,4TA EDICION| SQL Intermedio-Avanzado,SQL Intermedio-Avanzado,4,735eac2e-bc2e-4548-b4e4-7751cfdfd631,JHON CARLOS VELASQUE DURAND
f822f526-13e3-4cfe-b465-1c8a85463933,64289635-01f9-4e5c-99c2-0f6c38cc0315,13fb3b78-8f36-427c-b4e0-de38b0e13619,0,0,2026-07-30 00:35:48.497369,,,972847175campo@gmail.com,Joseluis Antonio Campo Bocanegra,STUDENT,Edición 3 | SQL for Data Analyst,SQL for Data Analyst,3,a69513b4-f4f1-470e-bf71-2d4036543c19,Jhon Velasque
3720d0e8-b587-41d0-a4d5-e318cf049212,fd8f97e1-8fa2-49f8-b2d6-3f1be0cf038f,5bc34270-030a-4e8e-903b-1225604dbd13,0,0,2026-07-30 14:22:50.920341,,,oscar19vr@gmail.com,OSCAR MIJAIL VERA ROJAS,STUDENT,3ERA EDICION| Python for data Analyst,Python for Data Analyst,3,a69513b4-f4f1-470e-bf71-2d4036543c19,Jhon Velasque
1ff528e3-c232-4c29-96f8-0f0df8796b06,fd8f97e1-8fa2-49f8-b2d6-3f1be0cf038f,13fb3b78-8f36-427c-b4e0-de38b0e13619,0,0,2026-07-30 14:22:55.021882,,,oscar19vr@gmail.com,OSCAR MIJAIL VERA ROJAS,STUDENT,Edición 3 | SQL for Data Analyst,SQL for Data Analyst,3,a69513b4-f4f1-470e-bf71-2d4036543c19,Jhon Velasque
9c41f1c7-5613-443d-a786-6c30212b8f62,fd8f97e1-8fa2-49f8-b2d6-3f1be0cf038f,1a17367d-d1ee-4ea9-a521-7f05a3913f19,0,0,2026-07-30 14:23:00.491466,,,oscar19vr@gmail.com,OSCAR MIJAIL VERA ROJAS,STUDENT,Edición 3 | Power BI,Power BI,3,a69513b4-f4f1-470e-bf71-2d4036543c19,Jhon Velasque
9946b752-ca7f-4de0-8999-1eefe3437816,fd8f97e1-8fa2-49f8-b2d6-3f1be0cf038f,fefa7113-18cb-42d2-b72b-7f1b006db66c,0,0,2026-07-30 14:23:04.248155,,,oscar19vr@gmail.com,OSCAR MIJAIL VERA ROJAS,STUDENT,Edición 3 | Excel for data analyst,Excel for Data Analyst,3,a69513b4-f4f1-470e-bf71-2d4036543c19,Jhon Velasque
dbad45f9-3534-44cb-af2e-a534d05f69f3,dec4b74a-446a-4c97-8ad7-3a358e6c4b83,979c6644-aa02-4cdc-b001-abbba99add23,25,2,2026-07-29 17:36:40.632251,,2026-08-07 03:06:09.335,yampiermq07@gmail.com,Yampier Marcelo Quispe,STUDENT,4 EDICION |SQL para Data Analyst,SQL for Data Analyst,4,9d7e703e-dc80-4ef7-95f6-66da285df699,jordan delacruz
942066c0-2a38-49cf-91fe-ed26785c3782,c32ce992-5b4f-4b9a-b47a-e6779ca98b16,979c6644-aa02-4cdc-b001-abbba99add23,25,2,2026-07-29 03:45:57.188802,,2026-08-10 12:57:34.448,khaoz20624@gmail.com,Alexander Jeferson Arce Crisanto,STUDENT,4 EDICION |SQL para Data Analyst,SQL for Data Analyst,4,9d7e703e-dc80-4ef7-95f6-66da285df699,jordan delacruz
8a7fd3bb-125f-47a6-9625-8431c54808a6,8a7255cd-cf4b-4703-aee1-c7bdbdb0baea,979c6644-aa02-4cdc-b001-abbba99add23,0,0,2026-07-29 19:43:25.532874,,,wfloreshuaytalla@gmail.com,WILLIAM AARON FLORES HUAYTALLA,STUDENT,4 EDICION |SQL para Data Analyst,SQL for Data Analyst,4,9d7e703e-dc80-4ef7-95f6-66da285df699,jordan delacruz
6502e08e-df70-4ab7-9ba7-8a095b8e771b,c32ce992-5b4f-4b9a-b47a-e6779ca98b16,177735de-789d-42e7-900c-5f0466dead78,25,2,2026-07-29 03:42:04.076580,,2026-08-07 01:58:09.347,khaoz20624@gmail.com,Alexander Jeferson Arce Crisanto,STUDENT,4 EDICION |Excel for Data Analyst,Excel for Data Analyst,4,67405dc6-1848-462f-b9f6-3c8dd43e9fec,daniel surichaque
791c533e-2dfa-46f5-85ef-a8d685828171,41a694fd-d04f-49df-b5ac-55c10b417de7,979c6644-aa02-4cdc-b001-abbba99add23,25,2,2026-07-29 20:36:24.170999,,2026-08-09 18:20:23.001,abelarcasi19@gmail.com,Abel Sebastian Arcasi Rivera,STUDENT,4 EDICION |SQL para Data Analyst,SQL for Data Analyst,4,9d7e703e-dc80-4ef7-95f6-66da285df699,jordan delacruz
13a0e678-c2e3-4088-aecb-a95dd8182db2,41d099ff-fa01-4a06-a658-a3fe6c55dbbc,1fb1d502-316a-4eb6-9854-82ddccbf554a,25,2,2026-07-29 15:46:23.670009,,2026-08-25 00:36:53.127,centenochurampijesmarhernan@gmail.com,Jesmar Hernan Centeno Churampi,STUDENT,4 EDICION |Power BI for Data Analyst,Power BI,4,3f787d87-3788-4375-a9c0-6cd6c28adc6c,junior candela
0de8979a-e051-4b40-b11f-766288acd44a,5aeeb404-1bb8-42c9-8305-cd5da8269d35,177735de-789d-42e7-900c-5f0466dead78,25,2,2026-07-29 19:38:07.190917,,2026-08-10 01:26:14.705,diazsacarisebastian@gmail.com,SEBASTIAN CARLOS DIAZ SACARI,STUDENT,4 EDICION |Excel for Data Analyst,Excel for Data Analyst,4,67405dc6-1848-462f-b9f6-3c8dd43e9fec,daniel surichaque
0fb86446-7fe2-496b-b8ac-0c4addd93658,a2526ccd-3e40-4516-8672-64debcb98bef,979c6644-aa02-4cdc-b001-abbba99add23,63,5,2026-07-28 02:01:26.972237,,2026-08-21 01:07:20.346,mateopieroaldair@gmail.com,Piero Aldair Mateo Tito,STUDENT,4 EDICION |SQL para Data Analyst,SQL for Data Analyst,4,9d7e703e-dc80-4ef7-95f6-66da285df699,jordan delacruz
83ea714c-e8c0-40ce-8f6e-2dbb5f451a6c,f93b930e-2307-4b55-ad13-dfc6442aa8bc,97d3266d-49ab-4d0b-9fd4-f5ceda23401e,25,2,2026-07-29 16:17:29.280586,,2026-08-20 05:13:02.726,angelo78107102@gmail.com,ANGELO JUAN SANCHEZ FLORES,STUDENT,4TA EDICION| SQL Intermedio-Avanzado,SQL Intermedio-Avanzado,4,735eac2e-bc2e-4548-b4e4-7751cfdfd631,JHON CARLOS VELASQUE DURAND
43a1b01c-51b8-4658-b9dd-74210da7d3e4,509c1e50-5736-4a26-a4c4-b9d85fd9a249,1a17367d-d1ee-4ea9-a521-7f05a3913f19,0,0,2026-07-30 15:05:46.667841,,,mblancom7@gmail.com,Marco Antonio Blanco Martinez,STUDENT,Edición 3 | Power BI,Power BI,3,a69513b4-f4f1-470e-bf71-2d4036543c19,Jhon Velasque
be79c5d7-966b-434b-aa9a-0c73442f94c3,509c1e50-5736-4a26-a4c4-b9d85fd9a249,1fb1d502-316a-4eb6-9854-82ddccbf554a,0,0,2026-07-30 15:06:06.851496,,,mblancom7@gmail.com,Marco Antonio Blanco Martinez,STUDENT,4 EDICION |Power BI for Data Analyst,Power BI,4,3f787d87-3788-4375-a9c0-6cd6c28adc6c,junior candela
3933fe89-4a1e-4053-b595-4b208b2c92ba,62c190c1-d0a4-4580-818c-17c77431df36,1a17367d-d1ee-4ea9-a521-7f05a3913f19,0,0,2026-07-30 15:26:50.589272,,,alexia.umpiri@gmail.com,Alexia Michelle Arapa Umpiri,STUDENT,Edición 3 | Power BI,Power BI,3,a69513b4-f4f1-470e-bf71-2d4036543c19,Jhon Velasque
8d5a62fa-73e8-49fa-af37-4bb9c6e53f15,62c190c1-d0a4-4580-818c-17c77431df36,979c6644-aa02-4cdc-b001-abbba99add23,0,0,2026-07-30 15:27:10.808905,,,alexia.umpiri@gmail.com,Alexia Michelle Arapa Umpiri,STUDENT,4 EDICION |SQL para Data Analyst,SQL for Data Analyst,4,9d7e703e-dc80-4ef7-95f6-66da285df699,jordan delacruz
d56135a0-7255-444f-bb35-9ac2f7eae361,62c190c1-d0a4-4580-818c-17c77431df36,13fb3b78-8f36-427c-b4e0-de38b0e13619,0,0,2026-07-30 15:29:33.076452,,,alexia.umpiri@gmail.com,Alexia Michelle Arapa Umpiri,STUDENT,Edición 3 | SQL for Data Analyst,SQL for Data Analyst,3,a69513b4-f4f1-470e-bf71-2d4036543c19,Jhon Velasque
340115d7-90f1-4561-be32-df66e598a980,ce1d4121-068d-4235-aace-e4d2974a9ded,13fb3b78-8f36-427c-b4e0-de38b0e13619,0,0,2026-07-30 19:30:51.340647,,,paul.quiroz.a@uni.pe,Paúl Quiroz Alva,STUDENT,Edición 3 | SQL for Data Analyst,SQL for Data Analyst,3,a69513b4-f4f1-470e-bf71-2d4036543c19,Jhon Velasque
7c881414-e4f5-446d-8b69-f3d3a4260314,ce1d4121-068d-4235-aace-e4d2974a9ded,fefa7113-18cb-42d2-b72b-7f1b006db66c,0,0,2026-07-30 19:30:56.150039,,,paul.quiroz.a@uni.pe,Paúl Quiroz Alva,STUDENT,Edición 3 | Excel for data analyst,Excel for Data Analyst,3,a69513b4-f4f1-470e-bf71-2d4036543c19,Jhon Velasque
b3f737b6-00c8-44be-a8fe-0fc34fe200f1,ce1d4121-068d-4235-aace-e4d2974a9ded,979c6644-aa02-4cdc-b001-abbba99add23,0,0,2026-07-30 19:31:15.862670,,,paul.quiroz.a@uni.pe,Paúl Quiroz Alva,STUDENT,4 EDICION |SQL para Data Analyst,SQL for Data Analyst,4,9d7e703e-dc80-4ef7-95f6-66da285df699,jordan delacruz
7db060dd-4632-4a9a-98bf-eb16c2b8e9d4,ce1d4121-068d-4235-aace-e4d2974a9ded,177735de-789d-42e7-900c-5f0466dead78,0,0,2026-07-30 19:31:31.084561,,,paul.quiroz.a@uni.pe,Paúl Quiroz Alva,STUDENT,4 EDICION |Excel for Data Analyst,Excel for Data Analyst,4,67405dc6-1848-462f-b9f6-3c8dd43e9fec,daniel surichaque
f59c5303-f45d-41bf-9af0-d9d7eb572cee,372147ba-4c68-41fd-a960-918c4d6e089d,5bc34270-030a-4e8e-903b-1225604dbd13,0,0,2026-07-31 03:00:47.851296,,,kaisamedinag@gmail.com,Especialización de Data Analyst,STUDENT,3ERA EDICION| Python for data Analyst,Python for Data Analyst,3,a69513b4-f4f1-470e-bf71-2d4036543c19,Jhon Velasque
c34f1cd8-dac0-44a2-8729-b4aed3a41938,372147ba-4c68-41fd-a960-918c4d6e089d,13fb3b78-8f36-427c-b4e0-de38b0e13619,0,0,2026-07-31 03:00:50.750816,,,kaisamedinag@gmail.com,Especialización de Data Analyst,STUDENT,Edición 3 | SQL for Data Analyst,SQL for Data Analyst,3,a69513b4-f4f1-470e-bf71-2d4036543c19,Jhon Velasque
20178ce1-5b75-408f-9a69-2210a78d4306,372147ba-4c68-41fd-a960-918c4d6e089d,1a17367d-d1ee-4ea9-a521-7f05a3913f19,0,0,2026-07-31 03:00:54.671654,,,kaisamedinag@gmail.com,Especialización de Data Analyst,STUDENT,Edición 3 | Power BI,Power BI,3,a69513b4-f4f1-470e-bf71-2d4036543c19,Jhon Velasque
d6a83161-a2c0-4230-bb06-54b4eaffd80e,372147ba-4c68-41fd-a960-918c4d6e089d,fefa7113-18cb-42d2-b72b-7f1b006db66c,0,0,2026-07-31 03:00:58.740171,,,kaisamedinag@gmail.com,Especialización de Data Analyst,STUDENT,Edición 3 | Excel for data analyst,Excel for Data Analyst,3,a69513b4-f4f1-470e-bf71-2d4036543c19,Jhon Velasque
49a42eda-f067-4579-8fbf-72b859d66b08,944bcef5-dab9-4e46-a027-ad7b06db3fca,13fb3b78-8f36-427c-b4e0-de38b0e13619,0,0,2026-07-31 03:04:43.964544,,,quitoanccasiantonyrodrigo@gmail.com,Antony Rodrigo Quito Anccasi,STUDENT,Edición 3 | SQL for Data Analyst,SQL for Data Analyst,3,a69513b4-f4f1-470e-bf71-2d4036543c19,Jhon Velasque
f5374ea0-a20f-43c1-89ba-ff530183b040,944bcef5-dab9-4e46-a027-ad7b06db3fca,1a17367d-d1ee-4ea9-a521-7f05a3913f19,0,0,2026-07-31 03:04:47.747334,,,quitoanccasiantonyrodrigo@gmail.com,Antony Rodrigo Quito Anccasi,STUDENT,Edición 3 | Power BI,Power BI,3,a69513b4-f4f1-470e-bf71-2d4036543c19,Jhon Velasque
dba51699-33af-4809-8a5b-791585c58af0,944bcef5-dab9-4e46-a027-ad7b06db3fca,fefa7113-18cb-42d2-b72b-7f1b006db66c,0,0,2026-07-31 03:04:51.021121,,,quitoanccasiantonyrodrigo@gmail.com,Antony Rodrigo Quito Anccasi,STUDENT,Edición 3 | Excel for data analyst,Excel for Data Analyst,3,a69513b4-f4f1-470e-bf71-2d4036543c19,Jhon Velasque
6f1eb763-c1e9-49f1-ac82-11bf1642a204,944bcef5-dab9-4e46-a027-ad7b06db3fca,979c6644-aa02-4cdc-b001-abbba99add23,0,0,2026-07-31 03:05:15.956059,,,quitoanccasiantonyrodrigo@gmail.com,Antony Rodrigo Quito Anccasi,STUDENT,4 EDICION |SQL para Data Analyst,SQL for Data Analyst,4,9d7e703e-dc80-4ef7-95f6-66da285df699,jordan delacruz
56575e08-1d5e-441a-8e26-1294c5b3dc84,944bcef5-dab9-4e46-a027-ad7b06db3fca,177735de-789d-42e7-900c-5f0466dead78,0,0,2026-07-31 03:05:24.408458,,,quitoanccasiantonyrodrigo@gmail.com,Antony Rodrigo Quito Anccasi,STUDENT,4 EDICION |Excel for Data Analyst,Excel for Data Analyst,4,67405dc6-1848-462f-b9f6-3c8dd43e9fec,daniel surichaque
ea3681ab-16b3-43e8-8a09-db376ff0a9d8,2bac7a40-821e-4367-a14a-766604001fd3,13fb3b78-8f36-427c-b4e0-de38b0e13619,0,0,2026-07-31 03:14:03.861442,,,jsaldarriagajauregui@gmail.com,José Angel Saldarriaga Jauregui,STUDENT,Edición 3 | SQL for Data Analyst,SQL for Data Analyst,3,a69513b4-f4f1-470e-bf71-2d4036543c19,Jhon Velasque
e962dfc4-c465-48c0-be23-881bd44020c7,2bac7a40-821e-4367-a14a-766604001fd3,fefa7113-18cb-42d2-b72b-7f1b006db66c,0,0,2026-07-31 03:14:07.435240,,,jsaldarriagajauregui@gmail.com,José Angel Saldarriaga Jauregui,STUDENT,Edición 3 | Excel for data analyst,Excel for Data Analyst,3,a69513b4-f4f1-470e-bf71-2d4036543c19,Jhon Velasque
23a57b95-7ed3-4463-a9d0-de36f8f88f4e,2bac7a40-821e-4367-a14a-766604001fd3,979c6644-aa02-4cdc-b001-abbba99add23,0,0,2026-07-31 03:14:31.348251,,,jsaldarriagajauregui@gmail.com,José Angel Saldarriaga Jauregui,STUDENT,4 EDICION |SQL para Data Analyst,SQL for Data Analyst,4,9d7e703e-dc80-4ef7-95f6-66da285df699,jordan delacruz
dcf6435b-5508-4b3c-baff-15a24ecb0bef,89a7d65c-80d0-4ca1-88ce-9b9201f42aa8,177735de-789d-42e7-900c-5f0466dead78,0,0,2026-07-31 05:35:46.678655,,,e.edynina.h@gmail.com,Edy Enrique Nina Huillca,STUDENT,4 EDICION |Excel for Data Analyst,Excel for Data Analyst,4,67405dc6-1848-462f-b9f6-3c8dd43e9fec,daniel surichaque
81ffb1ea-9cb7-4bef-b8c0-9c5fe361860b,89a7d65c-80d0-4ca1-88ce-9b9201f42aa8,979c6644-aa02-4cdc-b001-abbba99add23,0,0,2026-07-31 05:35:49.648782,,,e.edynina.h@gmail.com,Edy Enrique Nina Huillca,STUDENT,4 EDICION |SQL para Data Analyst,SQL for Data Analyst,4,9d7e703e-dc80-4ef7-95f6-66da285df699,jordan delacruz
a4155774-a793-4589-a412-7936db948ca1,89a7d65c-80d0-4ca1-88ce-9b9201f42aa8,13fb3b78-8f36-427c-b4e0-de38b0e13619,0,0,2026-07-31 05:35:55.474575,,,e.edynina.h@gmail.com,Edy Enrique Nina Huillca,STUDENT,Edición 3 | SQL for Data Analyst,SQL for Data Analyst,3,a69513b4-f4f1-470e-bf71-2d4036543c19,Jhon Velasque
7f660a80-04d7-44fe-927a-28069bdf86a6,89a7d65c-80d0-4ca1-88ce-9b9201f42aa8,fefa7113-18cb-42d2-b72b-7f1b006db66c,0,0,2026-07-31 05:36:06.062861,,,e.edynina.h@gmail.com,Edy Enrique Nina Huillca,STUDENT,Edición 3 | Excel for data analyst,Excel for Data Analyst,3,a69513b4-f4f1-470e-bf71-2d4036543c19,Jhon Velasque
59419fc3-392a-4877-b60e-02aefd402f52,1c9ed175-5f98-43ad-aa42-30a8306895d0,177735de-789d-42e7-900c-5f0466dead78,0,0,2026-07-31 05:54:05.323676,,,cynthia134045@gmail.com,Cynthia Paola Falero Salazar,STUDENT,4 EDICION |Excel for Data Analyst,Excel for Data Analyst,4,67405dc6-1848-462f-b9f6-3c8dd43e9fec,daniel surichaque
14d31beb-c5ef-4014-b3f2-5fc1d02339a0,1c9ed175-5f98-43ad-aa42-30a8306895d0,979c6644-aa02-4cdc-b001-abbba99add23,0,0,2026-07-31 05:54:10.025676,,,cynthia134045@gmail.com,Cynthia Paola Falero Salazar,STUDENT,4 EDICION |SQL para Data Analyst,SQL for Data Analyst,4,9d7e703e-dc80-4ef7-95f6-66da285df699,jordan delacruz
0a331334-52f6-4be0-aaa6-9c3cf7d1cb3d,1c9ed175-5f98-43ad-aa42-30a8306895d0,13fb3b78-8f36-427c-b4e0-de38b0e13619,0,0,2026-07-31 05:54:14.597675,,,cynthia134045@gmail.com,Cynthia Paola Falero Salazar,STUDENT,Edición 3 | SQL for Data Analyst,SQL for Data Analyst,3,a69513b4-f4f1-470e-bf71-2d4036543c19,Jhon Velasque
498c1497-6b55-4a75-9305-a0326ca9dad8,1c9ed175-5f98-43ad-aa42-30a8306895d0,fefa7113-18cb-42d2-b72b-7f1b006db66c,0,0,2026-07-31 05:54:20.575729,,,cynthia134045@gmail.com,Cynthia Paola Falero Salazar,STUDENT,Edición 3 | Excel for data analyst,Excel for Data Analyst,3,a69513b4-f4f1-470e-bf71-2d4036543c19,Jhon Velasque
312ea20c-defb-414a-a509-67ca4ad5b961,cb35b780-8bcf-44ca-a78a-56da0978397c,1a17367d-d1ee-4ea9-a521-7f05a3913f19,0,0,2026-07-31 06:06:43.554330,,,bryanbv2697@gmail.com,Bryan Fernando Barba Vargas,STUDENT,Edición 3 | Power BI,Power BI,3,a69513b4-f4f1-470e-bf71-2d4036543c19,Jhon Velasque
374b69cd-d0c7-48a6-9563-d42ccd5e5052,b5bd56ad-167a-493b-8f48-e66259e294bc,177735de-789d-42e7-900c-5f0466dead78,0,0,2026-07-31 18:40:11.196513,,,henryelcr@gmail.com,HENRY GANBERTI SANTA CRUZ BRAMON,STUDENT,4 EDICION |Excel for Data Analyst,Excel for Data Analyst,4,67405dc6-1848-462f-b9f6-3c8dd43e9fec,daniel surichaque
73fa6647-5db4-46ae-a674-f6998692f30b,b5bd56ad-167a-493b-8f48-e66259e294bc,979c6644-aa02-4cdc-b001-abbba99add23,0,0,2026-07-31 18:40:15.219161,,,henryelcr@gmail.com,HENRY GANBERTI SANTA CRUZ BRAMON,STUDENT,4 EDICION |SQL para Data Analyst,SQL for Data Analyst,4,9d7e703e-dc80-4ef7-95f6-66da285df699,jordan delacruz
a8dccca0-7b03-494c-bf8b-be98cc9e74ec,b5bd56ad-167a-493b-8f48-e66259e294bc,13fb3b78-8f36-427c-b4e0-de38b0e13619,0,0,2026-07-31 18:40:20.602447,,,henryelcr@gmail.com,HENRY GANBERTI SANTA CRUZ BRAMON,STUDENT,Edición 3 | SQL for Data Analyst,SQL for Data Analyst,3,a69513b4-f4f1-470e-bf71-2d4036543c19,Jhon Velasque
9cbf2ade-c739-46b0-8899-5fbee3785dfe,b5bd56ad-167a-493b-8f48-e66259e294bc,fefa7113-18cb-42d2-b72b-7f1b006db66c,0,0,2026-07-31 18:40:23.838312,,,henryelcr@gmail.com,HENRY GANBERTI SANTA CRUZ BRAMON,STUDENT,Edición 3 | Excel for data analyst,Excel for Data Analyst,3,a69513b4-f4f1-470e-bf71-2d4036543c19,Jhon Velasque
202547ff-fbad-4bf4-acf7-83d69e9e73a9,120e6d78-0b74-40a2-add6-a6a8d119c227,177735de-789d-42e7-900c-5f0466dead78,0,0,2026-07-31 19:13:19.582827,,,miguel.quintana2@unmsm.edu.pe,Miguel Angel Quintana Lopez,STUDENT,4 EDICION |Excel for Data Analyst,Excel for Data Analyst,4,67405dc6-1848-462f-b9f6-3c8dd43e9fec,daniel surichaque
76736b0e-6914-48f6-a7bb-b03ecff76ecc,120e6d78-0b74-40a2-add6-a6a8d119c227,13fb3b78-8f36-427c-b4e0-de38b0e13619,0,0,2026-07-31 19:13:24.165957,,,miguel.quintana2@unmsm.edu.pe,Miguel Angel Quintana Lopez,STUDENT,Edición 3 | SQL for Data Analyst,SQL for Data Analyst,3,a69513b4-f4f1-470e-bf71-2d4036543c19,Jhon Velasque
f14c351d-58ea-4f0c-b19b-5faf7b5347d8,120e6d78-0b74-40a2-add6-a6a8d119c227,fefa7113-18cb-42d2-b72b-7f1b006db66c,0,0,2026-07-31 19:13:29.748592,,,miguel.quintana2@unmsm.edu.pe,Miguel Angel Quintana Lopez,STUDENT,Edición 3 | Excel for data analyst,Excel for Data Analyst,3,a69513b4-f4f1-470e-bf71-2d4036543c19,Jhon Velasque
367c3240-6b65-4671-a502-1690e38e9612,120e6d78-0b74-40a2-add6-a6a8d119c227,979c6644-aa02-4cdc-b001-abbba99add23,0,0,2026-07-31 19:13:36.567099,,,miguel.quintana2@unmsm.edu.pe,Miguel Angel Quintana Lopez,STUDENT,4 EDICION |SQL para Data Analyst,SQL for Data Analyst,4,9d7e703e-dc80-4ef7-95f6-66da285df699,jordan delacruz
e476b979-c41b-46df-8b23-cee8a0f2c192,21929836-ea5d-4c7d-9abe-b2d2d48accb0,1a17367d-d1ee-4ea9-a521-7f05a3913f19,0,0,2026-08-01 00:19:45.012045,,,angelgabrielpachecosalas@gmail.com,Angel Gabriel Pacheco Salas,STUDENT,Edición 3 | Power BI,Power BI,3,a69513b4-f4f1-470e-bf71-2d4036543c19,Jhon Velasque
7e2853d0-d1ac-46f2-b0e3-a5e0f78877ad,21929836-ea5d-4c7d-9abe-b2d2d48accb0,1fb1d502-316a-4eb6-9854-82ddccbf554a,0,0,2026-08-01 00:19:47.883089,,,angelgabrielpachecosalas@gmail.com,Angel Gabriel Pacheco Salas,STUDENT,4 EDICION |Power BI for Data Analyst,Power BI,4,3f787d87-3788-4375-a9c0-6cd6c28adc6c,junior candela
4a66d8e0-3676-45de-b7b3-b7edeb032ee6,4eae7494-04e6-4cea-8297-517295700b40,1a17367d-d1ee-4ea9-a521-7f05a3913f19,0,0,2026-08-01 04:18:36.473048,,,luistrujilloc96@gmail.com,Luis Jaime Manuel Trujillo Carrasco,STUDENT,Edición 3 | Power BI,Power BI,3,a69513b4-f4f1-470e-bf71-2d4036543c19,Jhon Velasque
938638c1-fd7e-4967-9526-27a9139290c2,4eae7494-04e6-4cea-8297-517295700b40,1fb1d502-316a-4eb6-9854-82ddccbf554a,0,0,2026-08-01 04:18:50.980208,,,luistrujilloc96@gmail.com,Luis Jaime Manuel Trujillo Carrasco,STUDENT,4 EDICION |Power BI for Data Analyst,Power BI,4,3f787d87-3788-4375-a9c0-6cd6c28adc6c,junior candela
8e75de9b-42f9-4554-8f53-5c8c9802989d,31a7733c-a543-4bb5-8645-fc38ced07c64,13fb3b78-8f36-427c-b4e0-de38b0e13619,0,0,2026-08-01 04:24:17.970402,,,francardenasavalos@gmail.com,Francisco Pedro Cardenas Avalos,STUDENT,Edición 3 | SQL for Data Analyst,SQL for Data Analyst,3,a69513b4-f4f1-470e-bf71-2d4036543c19,Jhon Velasque
d9c2b2ff-59ae-4cdd-83a0-c3dff10323ea,31a7733c-a543-4bb5-8645-fc38ced07c64,979c6644-aa02-4cdc-b001-abbba99add23,0,0,2026-08-01 04:24:50.735964,,,francardenasavalos@gmail.com,Francisco Pedro Cardenas Avalos,STUDENT,4 EDICION |SQL para Data Analyst,SQL for Data Analyst,4,9d7e703e-dc80-4ef7-95f6-66da285df699,jordan delacruz
4457d3f3-945e-4778-b27e-e6447df3b5d3,87955696-d368-4fdb-9a6b-e48f7aae8f58,13fb3b78-8f36-427c-b4e0-de38b0e13619,0,0,2026-08-01 04:34:00.100875,,,eduardo.avalos.re@outlook.com,Eduardo Daniel Avalos Remon,STUDENT,Edición 3 | SQL for Data Analyst,SQL for Data Analyst,3,a69513b4-f4f1-470e-bf71-2d4036543c19,Jhon Velasque
9190aff7-10c3-42c1-b7e4-a25ee0b7f00d,87955696-d368-4fdb-9a6b-e48f7aae8f58,fefa7113-18cb-42d2-b72b-7f1b006db66c,0,0,2026-08-01 04:34:04.555215,,,eduardo.avalos.re@outlook.com,Eduardo Daniel Avalos Remon,STUDENT,Edición 3 | Excel for data analyst,Excel for Data Analyst,3,a69513b4-f4f1-470e-bf71-2d4036543c19,Jhon Velasque
2d4bf686-eed6-4067-ac3b-d46138a6f7c0,87955696-d368-4fdb-9a6b-e48f7aae8f58,177735de-789d-42e7-900c-5f0466dead78,0,0,2026-08-01 04:36:21.025570,,,eduardo.avalos.re@outlook.com,Eduardo Daniel Avalos Remon,STUDENT,4 EDICION |Excel for Data Analyst,Excel for Data Analyst,4,67405dc6-1848-462f-b9f6-3c8dd43e9fec,daniel surichaque
a64ba118-354f-4adb-b1c9-f047ae2ae561,87955696-d368-4fdb-9a6b-e48f7aae8f58,979c6644-aa02-4cdc-b001-abbba99add23,0,0,2026-08-01 04:36:27.739879,,,eduardo.avalos.re@outlook.com,Eduardo Daniel Avalos Remon,STUDENT,4 EDICION |SQL para Data Analyst,SQL for Data Analyst,4,9d7e703e-dc80-4ef7-95f6-66da285df699,jordan delacruz
e7e76a7f-4705-4650-beca-d4b5ed64b7c8,63bd1312-e803-4848-bd20-14605978df0e,177735de-789d-42e7-900c-5f0466dead78,0,0,2026-08-01 17:52:51.348172,,,cristhian.duran.cayetano@gmail.com,Cristhian Angel Duran Cayetano,STUDENT,4 EDICION |Excel for Data Analyst,Excel for Data Analyst,4,67405dc6-1848-462f-b9f6-3c8dd43e9fec,daniel surichaque
75523660-2c1d-45e3-8107-70f283772285,63bd1312-e803-4848-bd20-14605978df0e,13fb3b78-8f36-427c-b4e0-de38b0e13619,0,0,2026-08-01 17:53:05.207593,,,cristhian.duran.cayetano@gmail.com,Cristhian Angel Duran Cayetano,STUDENT,Edición 3 | SQL for Data Analyst,SQL for Data Analyst,3,a69513b4-f4f1-470e-bf71-2d4036543c19,Jhon Velasque
2065b304-eea0-4d54-bb18-8deb336a348d,63bd1312-e803-4848-bd20-14605978df0e,fefa7113-18cb-42d2-b72b-7f1b006db66c,0,0,2026-08-01 17:53:08.674382,,,cristhian.duran.cayetano@gmail.com,Cristhian Angel Duran Cayetano,STUDENT,Edición 3 | Excel for data analyst,Excel for Data Analyst,3,a69513b4-f4f1-470e-bf71-2d4036543c19,Jhon Velasque
84076de1-a41c-4606-8428-b47b0f0b4086,c6a406cd-fb8b-4f7c-a60b-822fbbff1fd7,177735de-789d-42e7-900c-5f0466dead78,0,0,2026-08-01 20:36:29.221009,,,obed.chavez.c@uni.pe,Obed Andres Chavez Chambilla,STUDENT,4 EDICION |Excel for Data Analyst,Excel for Data Analyst,4,67405dc6-1848-462f-b9f6-3c8dd43e9fec,daniel surichaque
d5644e14-99a3-473d-8667-971f2fa8bb1c,c6a406cd-fb8b-4f7c-a60b-822fbbff1fd7,979c6644-aa02-4cdc-b001-abbba99add23,0,0,2026-08-01 20:36:34.039178,,,obed.chavez.c@uni.pe,Obed Andres Chavez Chambilla,STUDENT,4 EDICION |SQL para Data Analyst,SQL for Data Analyst,4,9d7e703e-dc80-4ef7-95f6-66da285df699,jordan delacruz
4591497c-9212-424e-b32c-5abe51b02527,c6a406cd-fb8b-4f7c-a60b-822fbbff1fd7,13fb3b78-8f36-427c-b4e0-de38b0e13619,0,0,2026-08-01 20:36:47.883948,,,obed.chavez.c@uni.pe,Obed Andres Chavez Chambilla,STUDENT,Edición 3 | SQL for Data Analyst,SQL for Data Analyst,3,a69513b4-f4f1-470e-bf71-2d4036543c19,Jhon Velasque
0cb5cd3b-b523-40d9-9b66-9003ad55e879,c6a406cd-fb8b-4f7c-a60b-822fbbff1fd7,fefa7113-18cb-42d2-b72b-7f1b006db66c,0,0,2026-08-01 20:36:51.511263,,,obed.chavez.c@uni.pe,Obed Andres Chavez Chambilla,STUDENT,Edición 3 | Excel for data analyst,Excel for Data Analyst,3,a69513b4-f4f1-470e-bf71-2d4036543c19,Jhon Velasque
ac039e10-3c99-4062-b343-29fff0eff96b,fe85d5ef-5819-4be7-a0f4-7cbc7d7ed29d,177735de-789d-42e7-900c-5f0466dead78,0,0,2026-08-01 20:50:18.943172,,,luis.torre.tanta2003@gmail.com,Luis Enrique Torre Tanta,STUDENT,4 EDICION |Excel for Data Analyst,Excel for Data Analyst,4,67405dc6-1848-462f-b9f6-3c8dd43e9fec,daniel surichaque
8d073c2c-b120-4ac5-bdbb-34b5e6865c8d,fe85d5ef-5819-4be7-a0f4-7cbc7d7ed29d,979c6644-aa02-4cdc-b001-abbba99add23,0,0,2026-08-01 20:50:22.650412,,,luis.torre.tanta2003@gmail.com,Luis Enrique Torre Tanta,STUDENT,4 EDICION |SQL para Data Analyst,SQL for Data Analyst,4,9d7e703e-dc80-4ef7-95f6-66da285df699,jordan delacruz
8a25e4db-8cf2-41cb-9d17-aadd8ed2fcdc,fe85d5ef-5819-4be7-a0f4-7cbc7d7ed29d,13fb3b78-8f36-427c-b4e0-de38b0e13619,0,0,2026-08-01 20:50:29.809227,,,luis.torre.tanta2003@gmail.com,Luis Enrique Torre Tanta,STUDENT,Edición 3 | SQL for Data Analyst,SQL for Data Analyst,3,a69513b4-f4f1-470e-bf71-2d4036543c19,Jhon Velasque
ac91d7c2-ad4a-475b-b9d7-0adf6f8f1f67,fe85d5ef-5819-4be7-a0f4-7cbc7d7ed29d,fefa7113-18cb-42d2-b72b-7f1b006db66c,0,0,2026-08-01 20:50:34.978839,,,luis.torre.tanta2003@gmail.com,Luis Enrique Torre Tanta,STUDENT,Edición 3 | Excel for data analyst,Excel for Data Analyst,3,a69513b4-f4f1-470e-bf71-2d4036543c19,Jhon Velasque
7df2e6a4-a81e-46a7-9f4a-5456c392c36a,fd8f97e1-8fa2-49f8-b2d6-3f1be0cf038f,177735de-789d-42e7-900c-5f0466dead78,13,1,2026-07-30 14:23:23.009208,,2026-08-05 15:32:44.179,oscar19vr@gmail.com,OSCAR MIJAIL VERA ROJAS,STUDENT,4 EDICION |Excel for Data Analyst,Excel for Data Analyst,4,67405dc6-1848-462f-b9f6-3c8dd43e9fec,daniel surichaque
8a323b59-7caf-41bc-9698-7b20018ff859,fd8f97e1-8fa2-49f8-b2d6-3f1be0cf038f,979c6644-aa02-4cdc-b001-abbba99add23,13,1,2026-07-30 14:23:32.872710,,2026-08-07 01:14:42.421,oscar19vr@gmail.com,OSCAR MIJAIL VERA ROJAS,STUDENT,4 EDICION |SQL para Data Analyst,SQL for Data Analyst,4,9d7e703e-dc80-4ef7-95f6-66da285df699,jordan delacruz
1dbc27d7-7620-4698-b7dd-bb3b2e3f73cc,63bd1312-e803-4848-bd20-14605978df0e,979c6644-aa02-4cdc-b001-abbba99add23,13,1,2026-08-01 17:52:57.311928,,2026-08-16 12:25:27.713,cristhian.duran.cayetano@gmail.com,Cristhian Angel Duran Cayetano,STUDENT,4 EDICION |SQL para Data Analyst,SQL for Data Analyst,4,9d7e703e-dc80-4ef7-95f6-66da285df699,jordan delacruz
d59e71b5-57f9-4288-ad4a-02d16e961347,372147ba-4c68-41fd-a960-918c4d6e089d,177735de-789d-42e7-900c-5f0466dead78,25,2,2026-07-31 03:01:16.593634,,2026-08-11 03:10:22.247,kaisamedinag@gmail.com,Especialización de Data Analyst,STUDENT,4 EDICION |Excel for Data Analyst,Excel for Data Analyst,4,67405dc6-1848-462f-b9f6-3c8dd43e9fec,daniel surichaque
4f83fcbb-95a4-4f45-846e-6eb56296fd16,372147ba-4c68-41fd-a960-918c4d6e089d,979c6644-aa02-4cdc-b001-abbba99add23,25,2,2026-07-31 03:01:25.646939,,2026-08-13 03:47:43.653,kaisamedinag@gmail.com,Especialización de Data Analyst,STUDENT,4 EDICION |SQL para Data Analyst,SQL for Data Analyst,4,9d7e703e-dc80-4ef7-95f6-66da285df699,jordan delacruz
ebe9efbf-c0a1-4af8-ad34-3e3a1055b50e,8d0b6a84-e9ad-4b66-869e-89ac958f4458,177735de-789d-42e7-900c-5f0466dead78,0,0,2026-08-01 21:03:51.706151,,,hamed.98@gmail.com,Hamilton Medardo Huamán Tapia,STUDENT,4 EDICION |Excel for Data Analyst,Excel for Data Analyst,4,67405dc6-1848-462f-b9f6-3c8dd43e9fec,daniel surichaque
fe1e4085-914b-4ec2-8cc0-40559d400cfc,8d0b6a84-e9ad-4b66-869e-89ac958f4458,979c6644-aa02-4cdc-b001-abbba99add23,0,0,2026-08-01 21:03:55.622786,,,hamed.98@gmail.com,Hamilton Medardo Huamán Tapia,STUDENT,4 EDICION |SQL para Data Analyst,SQL for Data Analyst,4,9d7e703e-dc80-4ef7-95f6-66da285df699,jordan delacruz
9b759561-963e-47cd-af42-9d31d749fef6,8d0b6a84-e9ad-4b66-869e-89ac958f4458,13fb3b78-8f36-427c-b4e0-de38b0e13619,0,0,2026-08-01 21:04:00.649810,,,hamed.98@gmail.com,Hamilton Medardo Huamán Tapia,STUDENT,Edición 3 | SQL for Data Analyst,SQL for Data Analyst,3,a69513b4-f4f1-470e-bf71-2d4036543c19,Jhon Velasque
5effd97f-f532-4077-9140-9ea5cd942bec,8d0b6a84-e9ad-4b66-869e-89ac958f4458,fefa7113-18cb-42d2-b72b-7f1b006db66c,0,0,2026-08-01 21:04:05.371396,,,hamed.98@gmail.com,Hamilton Medardo Huamán Tapia,STUDENT,Edición 3 | Excel for data analyst,Excel for Data Analyst,3,a69513b4-f4f1-470e-bf71-2d4036543c19,Jhon Velasque
9b85d07a-fa35-4bbc-9781-b0bbf61b31f9,5f5ffb3b-798a-4af7-b459-4122d055ef41,177735de-789d-42e7-900c-5f0466dead78,0,0,2026-08-01 21:11:25.856597,,,danielvizcar@gmail.com,Daniel Vizcardo Cruz,STUDENT,4 EDICION |Excel for Data Analyst,Excel for Data Analyst,4,67405dc6-1848-462f-b9f6-3c8dd43e9fec,daniel surichaque
53f624f7-788c-4421-9e03-cb06f0faca64,5f5ffb3b-798a-4af7-b459-4122d055ef41,fefa7113-18cb-42d2-b72b-7f1b006db66c,0,0,2026-08-01 21:11:29.859062,,,danielvizcar@gmail.com,Daniel Vizcardo Cruz,STUDENT,Edición 3 | Excel for data analyst,Excel for Data Analyst,3,a69513b4-f4f1-470e-bf71-2d4036543c19,Jhon Velasque
c793ee58-99fe-40ac-8d49-1dc186cf3c39,82c09bb3-0f53-4050-af19-949f82217d26,fefa7113-18cb-42d2-b72b-7f1b006db66c,0,0,2026-08-02 05:20:45.545408,,,aldanap.sebastian@gmail.com,Sebastian Aldana Pachas,STUDENT,Edición 3 | Excel for data analyst,Excel for Data Analyst,3,a69513b4-f4f1-470e-bf71-2d4036543c19,Jhon Velasque
fa96d4d0-501f-4de4-a8b7-c78899ab537d,82c09bb3-0f53-4050-af19-949f82217d26,13fb3b78-8f36-427c-b4e0-de38b0e13619,0,0,2026-08-02 05:20:49.065713,,,aldanap.sebastian@gmail.com,Sebastian Aldana Pachas,STUDENT,Edición 3 | SQL for Data Analyst,SQL for Data Analyst,3,a69513b4-f4f1-470e-bf71-2d4036543c19,Jhon Velasque
b7d03065-999b-495d-8560-70efae1b9215,9618fca2-41c9-4cb4-b522-2d7455fb4d75,13fb3b78-8f36-427c-b4e0-de38b0e13619,0,0,2026-08-02 05:32:25.881439,,,ba.chambergom@alum.up.edu.pe,Benjamin Alessio Chambergo Matute,STUDENT,Edición 3 | SQL for Data Analyst,SQL for Data Analyst,3,a69513b4-f4f1-470e-bf71-2d4036543c19,Jhon Velasque
0cd24c80-87bf-4d57-b938-3dba7bce8bb8,9618fca2-41c9-4cb4-b522-2d7455fb4d75,979c6644-aa02-4cdc-b001-abbba99add23,0,0,2026-08-02 05:32:28.827560,,,ba.chambergom@alum.up.edu.pe,Benjamin Alessio Chambergo Matute,STUDENT,4 EDICION |SQL para Data Analyst,SQL for Data Analyst,4,9d7e703e-dc80-4ef7-95f6-66da285df699,jordan delacruz
47a11eb9-f6ad-4995-bd35-04a025709078,53ff0875-13f8-4948-88a0-a5563b8271fd,177735de-789d-42e7-900c-5f0466dead78,0,0,2026-08-02 19:43:33.019907,,,valerajeanpier26@gmail.com,Jeanpier Michaelson Valera Yana,STUDENT,4 EDICION |Excel for Data Analyst,Excel for Data Analyst,4,67405dc6-1848-462f-b9f6-3c8dd43e9fec,daniel surichaque
2a8341f9-de55-4473-8085-63dc66e65336,52c71f38-ba68-4765-86ec-b8aa5b0625a8,13fb3b78-8f36-427c-b4e0-de38b0e13619,0,0,2026-08-02 19:56:43.233887,,,castrovidartemabelnayeli@gmail.com,Mabel Nayeli Rima Castro Vidarte,STUDENT,Edición 3 | SQL for Data Analyst,SQL for Data Analyst,3,a69513b4-f4f1-470e-bf71-2d4036543c19,Jhon Velasque
9282766a-98b7-4ec3-a8f1-8a1b61dbb4ba,52c71f38-ba68-4765-86ec-b8aa5b0625a8,979c6644-aa02-4cdc-b001-abbba99add23,0,0,2026-08-02 19:56:47.985168,,,castrovidartemabelnayeli@gmail.com,Mabel Nayeli Rima Castro Vidarte,STUDENT,4 EDICION |SQL para Data Analyst,SQL for Data Analyst,4,9d7e703e-dc80-4ef7-95f6-66da285df699,jordan delacruz
ee195a40-12f3-4b25-8313-d591cb83c3af,1507da5f-a5e8-437a-b979-96cffd80649e,1a17367d-d1ee-4ea9-a521-7f05a3913f19,0,0,2026-08-02 20:03:50.757306,,,tp149054@gmail.com,Andy Manuel Trujillo Perez,STUDENT,Edición 3 | Power BI,Power BI,3,a69513b4-f4f1-470e-bf71-2d4036543c19,Jhon Velasque
4995eb1c-cd82-4ef0-9d76-ddc12cfcc9b0,1507da5f-a5e8-437a-b979-96cffd80649e,1fb1d502-316a-4eb6-9854-82ddccbf554a,0,0,2026-08-02 20:04:06.463962,,,tp149054@gmail.com,Andy Manuel Trujillo Perez,STUDENT,4 EDICION |Power BI for Data Analyst,Power BI,4,3f787d87-3788-4375-a9c0-6cd6c28adc6c,junior candela
61863413-b4fe-4de8-b118-016c456ce108,4c7e925f-0ffc-4165-ba71-3ca276fb95d5,fefa7113-18cb-42d2-b72b-7f1b006db66c,0,0,2026-08-02 20:37:47.390855,,,alvaro.123zz46@gmail.com,Alvaro Aldahir Jimenez Huamani,STUDENT,Edición 3 | Excel for data analyst,Excel for Data Analyst,3,a69513b4-f4f1-470e-bf71-2d4036543c19,Jhon Velasque
a99d06db-eb95-42d0-a1b0-b7b78d4105cb,4c7e925f-0ffc-4165-ba71-3ca276fb95d5,177735de-789d-42e7-900c-5f0466dead78,0,0,2026-08-02 20:37:51.817828,,,alvaro.123zz46@gmail.com,Alvaro Aldahir Jimenez Huamani,STUDENT,4 EDICION |Excel for Data Analyst,Excel for Data Analyst,4,67405dc6-1848-462f-b9f6-3c8dd43e9fec,daniel surichaque
96970eff-dcea-474c-a4ea-dbacf4a22885,99ad688c-a44e-48e9-b2ef-7c34528fa345,13fb3b78-8f36-427c-b4e0-de38b0e13619,0,0,2026-08-02 22:33:17.026719,,,estudiante1@gmail.com,estudiante1 ,STUDENT,Edición 3 | SQL for Data Analyst,SQL for Data Analyst,3,a69513b4-f4f1-470e-bf71-2d4036543c19,Jhon Velasque
697f2129-be30-4ed6-b3c9-926d92a7b4d5,99ad688c-a44e-48e9-b2ef-7c34528fa345,fefa7113-18cb-42d2-b72b-7f1b006db66c,0,0,2026-08-02 22:33:22.746048,,,estudiante1@gmail.com,estudiante1 ,STUDENT,Edición 3 | Excel for data analyst,Excel for Data Analyst,3,a69513b4-f4f1-470e-bf71-2d4036543c19,Jhon Velasque
06eab3dd-3490-493a-9fd9-5df2d9eb30d8,99ad688c-a44e-48e9-b2ef-7c34528fa345,5bc34270-030a-4e8e-903b-1225604dbd13,0,0,2026-08-02 22:33:43.836636,,,estudiante1@gmail.com,estudiante1 ,STUDENT,3ERA EDICION| Python for data Analyst,Python for Data Analyst,3,a69513b4-f4f1-470e-bf71-2d4036543c19,Jhon Velasque
f699447d-5966-474e-8ce0-ab2a0f6229b8,b0e9516b-2680-4b83-a3de-9fecfcf9b468,979c6644-aa02-4cdc-b001-abbba99add23,0,0,2026-08-02 23:11:34.957640,,,wspulloalucero5@gmail.com,Lucero Alicia Ulloa Mallaopoma,STUDENT,4 EDICION |SQL para Data Analyst,SQL for Data Analyst,4,9d7e703e-dc80-4ef7-95f6-66da285df699,jordan delacruz
31a1f3f7-cd6d-4b33-9bd9-0e31142ed5e8,ee5a79e1-ee44-4b02-8e79-f1692bd044a0,13fb3b78-8f36-427c-b4e0-de38b0e13619,0,0,2026-08-03 00:42:04.253075,,,valentinsebastian540@gmail.com,sebastian Valentín Malpartida,STUDENT,Edición 3 | SQL for Data Analyst,SQL for Data Analyst,3,a69513b4-f4f1-470e-bf71-2d4036543c19,Jhon Velasque
5b038d20-2e0d-4636-b1cf-4878de4b7cff,ee5a79e1-ee44-4b02-8e79-f1692bd044a0,fefa7113-18cb-42d2-b72b-7f1b006db66c,0,0,2026-08-03 00:42:07.608123,,,valentinsebastian540@gmail.com,sebastian Valentín Malpartida,STUDENT,Edición 3 | Excel for data analyst,Excel for Data Analyst,3,a69513b4-f4f1-470e-bf71-2d4036543c19,Jhon Velasque
0f2eb994-a7f6-4b2c-a5bc-b31f9569f6e6,ee5a79e1-ee44-4b02-8e79-f1692bd044a0,177735de-789d-42e7-900c-5f0466dead78,0,0,2026-08-03 00:42:35.398421,,,valentinsebastian540@gmail.com,sebastian Valentín Malpartida,STUDENT,4 EDICION |Excel for Data Analyst,Excel for Data Analyst,4,67405dc6-1848-462f-b9f6-3c8dd43e9fec,daniel surichaque
86a03b9a-33b3-44a0-a515-8ab118d6dfee,ee5a79e1-ee44-4b02-8e79-f1692bd044a0,979c6644-aa02-4cdc-b001-abbba99add23,0,0,2026-08-03 00:42:38.895003,,,valentinsebastian540@gmail.com,sebastian Valentín Malpartida,STUDENT,4 EDICION |SQL para Data Analyst,SQL for Data Analyst,4,9d7e703e-dc80-4ef7-95f6-66da285df699,jordan delacruz
d588f33f-1e1e-40b7-89ef-51ce4c91116c,b75c01dc-9a8a-4949-a3b8-8927802cc91e,1a17367d-d1ee-4ea9-a521-7f05a3913f19,0,0,2026-08-03 13:43:35.662797,,,valeriacamilahurtado@gmail.com,Valeria Camila Hurtado Vicuña,STUDENT,Edición 3 | Power BI,Power BI,3,a69513b4-f4f1-470e-bf71-2d4036543c19,Jhon Velasque
4d9f25d5-f882-4b56-a4de-5c6a9307d83e,bdb8c497-95dd-46ec-b91a-36e8f4a31103,13fb3b78-8f36-427c-b4e0-de38b0e13619,0,0,2026-08-03 23:22:16.242590,,,christian.limayalb@gmail.com,Christian Alexander Limay Albarracin,STUDENT,Edición 3 | SQL for Data Analyst,SQL for Data Analyst,3,a69513b4-f4f1-470e-bf71-2d4036543c19,Jhon Velasque
e0a46837-9ab3-4df3-a61b-e8117f6ce068,bdb8c497-95dd-46ec-b91a-36e8f4a31103,fefa7113-18cb-42d2-b72b-7f1b006db66c,0,0,2026-08-03 23:22:19.610939,,,christian.limayalb@gmail.com,Christian Alexander Limay Albarracin,STUDENT,Edición 3 | Excel for data analyst,Excel for Data Analyst,3,a69513b4-f4f1-470e-bf71-2d4036543c19,Jhon Velasque
303fb040-3e51-4b19-a865-e1af644fdd03,2cbf2198-8ad6-41ed-9791-5d9746c9435e,1a17367d-d1ee-4ea9-a521-7f05a3913f19,0,0,2026-08-03 23:31:31.481666,,,dayanna_rs08@hotmail.com,Dayanna Solange Ramos Santisteban,STUDENT,Edición 3 | Power BI,Power BI,3,a69513b4-f4f1-470e-bf71-2d4036543c19,Jhon Velasque
7344b4e1-f425-4a9a-849a-d63f41f0d00f,2cbf2198-8ad6-41ed-9791-5d9746c9435e,1fb1d502-316a-4eb6-9854-82ddccbf554a,0,0,2026-08-03 23:31:49.003972,,,dayanna_rs08@hotmail.com,Dayanna Solange Ramos Santisteban,STUDENT,4 EDICION |Power BI for Data Analyst,Power BI,4,3f787d87-3788-4375-a9c0-6cd6c28adc6c,junior candela
26c166be-146f-4437-8682-f54798f1add9,4507497a-f0a4-45f1-8858-8420a2b443a1,fefa7113-18cb-42d2-b72b-7f1b006db66c,0,0,2026-08-03 23:53:18.841750,,,sebastian.vc.0820@gmail.com,Sebastian Vicente Curiñaupa,STUDENT,Edición 3 | Excel for data analyst,Excel for Data Analyst,3,a69513b4-f4f1-470e-bf71-2d4036543c19,Jhon Velasque
0e0e1bb3-a28b-4c22-b71a-7f71f4868b44,4507497a-f0a4-45f1-8858-8420a2b443a1,13fb3b78-8f36-427c-b4e0-de38b0e13619,0,0,2026-08-03 23:53:21.214744,,,sebastian.vc.0820@gmail.com,Sebastian Vicente Curiñaupa,STUDENT,Edición 3 | SQL for Data Analyst,SQL for Data Analyst,3,a69513b4-f4f1-470e-bf71-2d4036543c19,Jhon Velasque
f7c0a1fa-60e7-43bc-ade7-e8c8f616ded0,4507497a-f0a4-45f1-8858-8420a2b443a1,979c6644-aa02-4cdc-b001-abbba99add23,0,0,2026-08-03 23:53:24.345365,,,sebastian.vc.0820@gmail.com,Sebastian Vicente Curiñaupa,STUDENT,4 EDICION |SQL para Data Analyst,SQL for Data Analyst,4,9d7e703e-dc80-4ef7-95f6-66da285df699,jordan delacruz
137176da-0c0d-4bea-b2d3-b1f079a7d228,4507497a-f0a4-45f1-8858-8420a2b443a1,177735de-789d-42e7-900c-5f0466dead78,0,0,2026-08-03 23:53:26.898338,,,sebastian.vc.0820@gmail.com,Sebastian Vicente Curiñaupa,STUDENT,4 EDICION |Excel for Data Analyst,Excel for Data Analyst,4,67405dc6-1848-462f-b9f6-3c8dd43e9fec,daniel surichaque
83a187c2-1d7d-4614-8827-044af0a105f7,99ad688c-a44e-48e9-b2ef-7c34528fa345,1fb1d502-316a-4eb6-9854-82ddccbf554a,0,0,2026-08-04 00:53:25.258399,,,estudiante1@gmail.com,estudiante1 ,STUDENT,4 EDICION |Power BI for Data Analyst,Power BI,4,3f787d87-3788-4375-a9c0-6cd6c28adc6c,junior candela
a0e3d5cc-ed8c-4b7a-92ca-ea9d7e3d901c,fe4fdb46-fb10-4f69-b21d-97ee2e222300,fefa7113-18cb-42d2-b72b-7f1b006db66c,0,0,2026-08-04 03:36:41.618322,,,josevalebboy@gmail.com,JOSE ARMANDO VALERIANO QUISPE,STUDENT,Edición 3 | Excel for data analyst,Excel for Data Analyst,3,a69513b4-f4f1-470e-bf71-2d4036543c19,Jhon Velasque
6ac68b4a-b798-4955-900c-730ad14fd073,fe4fdb46-fb10-4f69-b21d-97ee2e222300,13fb3b78-8f36-427c-b4e0-de38b0e13619,0,0,2026-08-04 03:36:47.356307,,,josevalebboy@gmail.com,JOSE ARMANDO VALERIANO QUISPE,STUDENT,Edición 3 | SQL for Data Analyst,SQL for Data Analyst,3,a69513b4-f4f1-470e-bf71-2d4036543c19,Jhon Velasque
2be95986-5540-4fd2-97fd-3cf11b0e2d49,1b6aa698-9e3f-4ed4-862e-e34d9533b4ef,979c6644-aa02-4cdc-b001-abbba99add23,0,0,2026-08-04 03:49:46.455310,,,velizmajo28@gmail.com,María José Veliz de la Cruz,STUDENT,4 EDICION |SQL para Data Analyst,SQL for Data Analyst,4,9d7e703e-dc80-4ef7-95f6-66da285df699,jordan delacruz
9126dcf2-6cd6-4bcb-9078-0020316ce05d,bce4680e-9901-4aed-a222-74211697eeae,1fb1d502-316a-4eb6-9854-82ddccbf554a,0,0,2026-08-04 04:05:05.938318,,,edu201888@gmail.com,Jose eduardo quintana cavero,STUDENT,4 EDICION |Power BI for Data Analyst,Power BI,4,3f787d87-3788-4375-a9c0-6cd6c28adc6c,junior candela
3e4d0018-db7b-42e6-81bb-1c8b11e4eedd,c8018726-58b0-468e-9d30-cb2ba9af5c47,13fb3b78-8f36-427c-b4e0-de38b0e13619,0,0,2026-08-04 14:52:09.838356,,,oliveraluis2112@gmail.com,Luis Enrique Olivera García,STUDENT,Edición 3 | SQL for Data Analyst,SQL for Data Analyst,3,a69513b4-f4f1-470e-bf71-2d4036543c19,Jhon Velasque
83c8c304-8e51-4de5-a3ba-35a6864ac0b6,c8018726-58b0-468e-9d30-cb2ba9af5c47,fefa7113-18cb-42d2-b72b-7f1b006db66c,0,0,2026-08-04 14:52:13.873804,,,oliveraluis2112@gmail.com,Luis Enrique Olivera García,STUDENT,Edición 3 | Excel for data analyst,Excel for Data Analyst,3,a69513b4-f4f1-470e-bf71-2d4036543c19,Jhon Velasque
e15f6f2f-06eb-40b9-b9bd-cedf2c5b1ba8,c8018726-58b0-468e-9d30-cb2ba9af5c47,979c6644-aa02-4cdc-b001-abbba99add23,0,0,2026-08-04 14:52:41.805356,,,oliveraluis2112@gmail.com,Luis Enrique Olivera García,STUDENT,4 EDICION |SQL para Data Analyst,SQL for Data Analyst,4,9d7e703e-dc80-4ef7-95f6-66da285df699,jordan delacruz
f8cc7a2e-87da-45bc-98b0-73655d70a371,ee247a94-3c53-4ba4-ac64-268b0cc4a31d,1a17367d-d1ee-4ea9-a521-7f05a3913f19,0,0,2026-08-05 02:47:07.615407,,,anmicoro18fii@gmail.com,Antony Michael Cordova Rosales,STUDENT,Edición 3 | Power BI,Power BI,3,a69513b4-f4f1-470e-bf71-2d4036543c19,Jhon Velasque
14c32b03-ecbd-4b91-b8f8-d45aa9908975,428e8be4-1e40-4d74-a733-0172d371d6cf,97d3266d-49ab-4d0b-9fd4-f5ceda23401e,0,0,2026-08-05 04:23:30.628441,,,angiemanzanoj@gmail.com,Angie Nicole Manzano Jimenez,STUDENT,4TA EDICION| SQL Intermedio-Avanzado,SQL Intermedio-Avanzado,4,735eac2e-bc2e-4548-b4e4-7751cfdfd631,JHON CARLOS VELASQUE DURAND
49ec256d-18b3-4ec3-87b3-f960c937717d,428e8be4-1e40-4d74-a733-0172d371d6cf,13fb3b78-8f36-427c-b4e0-de38b0e13619,0,0,2026-08-05 04:24:00.747788,,,angiemanzanoj@gmail.com,Angie Nicole Manzano Jimenez,STUDENT,Edición 3 | SQL for Data Analyst,SQL for Data Analyst,3,a69513b4-f4f1-470e-bf71-2d4036543c19,Jhon Velasque
10d8700f-f4bf-4024-968f-54631ab8d93b,315c2d07-b711-4e21-a0e0-22ef1dcf8665,13fb3b78-8f36-427c-b4e0-de38b0e13619,0,0,2026-08-05 20:14:38.513993,,,alfredchma@gmail.com,Mauricio Alfredo Choque Valdivia,STUDENT,Edición 3 | SQL for Data Analyst,SQL for Data Analyst,3,a69513b4-f4f1-470e-bf71-2d4036543c19,Jhon Velasque
806fe1e0-88ed-4305-96cd-cb09d4bb2d19,315c2d07-b711-4e21-a0e0-22ef1dcf8665,fefa7113-18cb-42d2-b72b-7f1b006db66c,0,0,2026-08-05 20:14:42.887517,,,alfredchma@gmail.com,Mauricio Alfredo Choque Valdivia,STUDENT,Edición 3 | Excel for data analyst,Excel for Data Analyst,3,a69513b4-f4f1-470e-bf71-2d4036543c19,Jhon Velasque
07d7c524-86bf-4db1-ae23-a1349c838c7b,315c2d07-b711-4e21-a0e0-22ef1dcf8665,177735de-789d-42e7-900c-5f0466dead78,0,0,2026-08-05 20:15:09.735363,,,alfredchma@gmail.com,Mauricio Alfredo Choque Valdivia,STUDENT,4 EDICION |Excel for Data Analyst,Excel for Data Analyst,4,67405dc6-1848-462f-b9f6-3c8dd43e9fec,daniel surichaque
43f0ab6e-6c4e-4a4b-a441-677f06923266,c8018726-58b0-468e-9d30-cb2ba9af5c47,177735de-789d-42e7-900c-5f0466dead78,13,1,2026-08-04 14:52:38.475214,,2026-08-06 01:53:55.336,oliveraluis2112@gmail.com,Luis Enrique Olivera García,STUDENT,4 EDICION |Excel for Data Analyst,Excel for Data Analyst,4,67405dc6-1848-462f-b9f6-3c8dd43e9fec,daniel surichaque
e32579ad-e30d-4ec8-bee7-2074ae5b015f,ee247a94-3c53-4ba4-ac64-268b0cc4a31d,1fb1d502-316a-4eb6-9854-82ddccbf554a,13,1,2026-08-05 02:47:17.766440,,2026-08-06 02:10:23.220,anmicoro18fii@gmail.com,Antony Michael Cordova Rosales,STUDENT,4 EDICION |Power BI for Data Analyst,Power BI,4,3f787d87-3788-4375-a9c0-6cd6c28adc6c,junior candela
60dcf4b1-d959-40ae-a4d2-aaf09ddb9298,2bac7a40-821e-4367-a14a-766604001fd3,177735de-789d-42e7-900c-5f0466dead78,63,5,2026-07-31 03:14:19.924376,,2026-08-20 12:52:13.879,jsaldarriagajauregui@gmail.com,José Angel Saldarriaga Jauregui,STUDENT,4 EDICION |Excel for Data Analyst,Excel for Data Analyst,4,67405dc6-1848-462f-b9f6-3c8dd43e9fec,daniel surichaque
34f21022-1085-4c0f-a8ad-611975fd056c,bdb8c497-95dd-46ec-b91a-36e8f4a31103,177735de-789d-42e7-900c-5f0466dead78,50,4,2026-08-03 23:22:41.091611,,2026-08-24 18:01:38.278,christian.limayalb@gmail.com,Christian Alexander Limay Albarracin,STUDENT,4 EDICION |Excel for Data Analyst,Excel for Data Analyst,4,67405dc6-1848-462f-b9f6-3c8dd43e9fec,daniel surichaque
6ca83e55-3c14-4986-b0cb-aaecf9a4e95a,bdb8c497-95dd-46ec-b91a-36e8f4a31103,979c6644-aa02-4cdc-b001-abbba99add23,13,1,2026-08-03 23:22:44.713414,,2026-08-15 00:06:28.211,christian.limayalb@gmail.com,Christian Alexander Limay Albarracin,STUDENT,4 EDICION |SQL para Data Analyst,SQL for Data Analyst,4,9d7e703e-dc80-4ef7-95f6-66da285df699,jordan delacruz
23c9bde4-8cf2-47b8-a440-095cf77be9c3,315c2d07-b711-4e21-a0e0-22ef1dcf8665,979c6644-aa02-4cdc-b001-abbba99add23,13,1,2026-08-05 20:15:25.737470,,2026-08-11 01:04:46.999,alfredchma@gmail.com,Mauricio Alfredo Choque Valdivia,STUDENT,4 EDICION |SQL para Data Analyst,SQL for Data Analyst,4,9d7e703e-dc80-4ef7-95f6-66da285df699,jordan delacruz
6aea7e01-8e90-44aa-b0bb-fda7d1a7b803,fe4fdb46-fb10-4f69-b21d-97ee2e222300,177735de-789d-42e7-900c-5f0466dead78,25,2,2026-08-04 03:36:59.963604,,2026-08-07 03:39:59.739,josevalebboy@gmail.com,JOSE ARMANDO VALERIANO QUISPE,STUDENT,4 EDICION |Excel for Data Analyst,Excel for Data Analyst,4,67405dc6-1848-462f-b9f6-3c8dd43e9fec,daniel surichaque
4711edc6-a858-49c7-9171-c428ff61e5ce,99ad688c-a44e-48e9-b2ef-7c34528fa345,177735de-789d-42e7-900c-5f0466dead78,13,1,2026-08-04 00:53:46.001087,,2026-08-18 04:51:30.469,estudiante1@gmail.com,estudiante1 ,STUDENT,4 EDICION |Excel for Data Analyst,Excel for Data Analyst,4,67405dc6-1848-462f-b9f6-3c8dd43e9fec,daniel surichaque
7d1449d8-9857-4c14-98d2-eee05a706f8a,b75c01dc-9a8a-4949-a3b8-8927802cc91e,1fb1d502-316a-4eb6-9854-82ddccbf554a,25,2,2026-08-03 13:43:46.381446,,2026-08-11 22:33:56.176,valeriacamilahurtado@gmail.com,Valeria Camila Hurtado Vicuña,STUDENT,4 EDICION |Power BI for Data Analyst,Power BI,4,3f787d87-3788-4375-a9c0-6cd6c28adc6c,junior candela
04511b9b-265d-44cd-905d-a5abb7192ecd,82c09bb3-0f53-4050-af19-949f82217d26,979c6644-aa02-4cdc-b001-abbba99add23,38,3,2026-08-02 05:20:38.087879,,2026-08-13 20:23:03.456,aldanap.sebastian@gmail.com,Sebastian Aldana Pachas,STUDENT,4 EDICION |SQL para Data Analyst,SQL for Data Analyst,4,9d7e703e-dc80-4ef7-95f6-66da285df699,jordan delacruz
9505d5e4-aae9-45b2-87d4-a399efba4c3e,64289635-01f9-4e5c-99c2-0f6c38cc0315,979c6644-aa02-4cdc-b001-abbba99add23,50,4,2026-07-30 00:34:46.654358,,2026-08-15 15:48:46.377,972847175campo@gmail.com,Joseluis Antonio Campo Bocanegra,STUDENT,4 EDICION |SQL para Data Analyst,SQL for Data Analyst,4,9d7e703e-dc80-4ef7-95f6-66da285df699,jordan delacruz
6f15424d-88f8-442b-815c-dc467761fd6f,fe4fdb46-fb10-4f69-b21d-97ee2e222300,979c6644-aa02-4cdc-b001-abbba99add23,63,5,2026-08-04 03:37:12.583057,,2026-08-15 23:07:51.974,josevalebboy@gmail.com,JOSE ARMANDO VALERIANO QUISPE,STUDENT,4 EDICION |SQL para Data Analyst,SQL for Data Analyst,4,9d7e703e-dc80-4ef7-95f6-66da285df699,jordan delacruz
bbf733bb-c9a2-4e49-9f9b-5682f15705fe,b0e9516b-2680-4b83-a3de-9fecfcf9b468,13fb3b78-8f36-427c-b4e0-de38b0e13619,22,2,2026-08-02 23:11:25.497502,,2026-08-17 15:28:08.697,wspulloalucero5@gmail.com,Lucero Alicia Ulloa Mallaopoma,STUDENT,Edición 3 | SQL for Data Analyst,SQL for Data Analyst,3,a69513b4-f4f1-470e-bf71-2d4036543c19,Jhon Velasque
9e6255b5-6085-4ed2-b803-f18c9571080b,64289635-01f9-4e5c-99c2-0f6c38cc0315,177735de-789d-42e7-900c-5f0466dead78,63,5,2026-08-03 20:15:17.300544,,2026-08-20 20:44:13.060,972847175campo@gmail.com,Joseluis Antonio Campo Bocanegra,STUDENT,4 EDICION |Excel for Data Analyst,Excel for Data Analyst,4,67405dc6-1848-462f-b9f6-3c8dd43e9fec,daniel surichaque
3e831120-7caa-4b34-b1f0-b405ed7fd697,83fae43a-9e40-41cd-b301-bf2699e1ad5e,97d3266d-49ab-4d0b-9fd4-f5ceda23401e,50,4,2026-08-02 05:14:27.327473,,2026-08-22 23:37:03.287,palominoleongino@gmail.com,gino alonzo palomino leon,STUDENT,4TA EDICION| SQL Intermedio-Avanzado,SQL Intermedio-Avanzado,4,735eac2e-bc2e-4548-b4e4-7751cfdfd631,JHON CARLOS VELASQUE DURAND
46e7bfb3-f8b8-4e8c-9447-3dd518bd84b7,ddaa0bc5-e158-47d0-a5a6-cb59c7287a1d,1a17367d-d1ee-4ea9-a521-7f05a3913f19,0,0,2026-08-06 02:01:39.923469,,,nevermind.v4n@gmail.com,Vanessa Hualpa Baylon,STUDENT,Edición 3 | Power BI,Power BI,3,a69513b4-f4f1-470e-bf71-2d4036543c19,Jhon Velasque
01cf5b82-d628-4dbe-98c8-c8fda39ad907,39e20f4d-155f-484b-9c7e-06e09922e0d9,97d3266d-49ab-4d0b-9fd4-f5ceda23401e,0,0,2026-08-06 04:17:12.127643,,,kenji.huanca@gmail.com,KENJI ANTHONY HUANCA MAYTAN,STUDENT,4TA EDICION| SQL Intermedio-Avanzado,SQL Intermedio-Avanzado,4,735eac2e-bc2e-4548-b4e4-7751cfdfd631,JHON CARLOS VELASQUE DURAND
df0d9e62-2163-46da-b889-c6c1294ed604,d61ae9c1-aef4-47e2-b8d8-7475367cf90a,13fb3b78-8f36-427c-b4e0-de38b0e13619,0,0,2026-08-07 00:16:57.479483,,,valeria2ureta6@gmail.com,Valeria Thais Ureta Llanque,STUDENT,Edición 3 | SQL for Data Analyst,SQL for Data Analyst,3,a69513b4-f4f1-470e-bf71-2d4036543c19,Jhon Velasque
cbc3ef5a-fe43-4ec4-9e58-8893cb464e89,d61ae9c1-aef4-47e2-b8d8-7475367cf90a,979c6644-aa02-4cdc-b001-abbba99add23,0,0,2026-08-07 00:17:10.719278,,,valeria2ureta6@gmail.com,Valeria Thais Ureta Llanque,STUDENT,4 EDICION |SQL para Data Analyst,SQL for Data Analyst,4,9d7e703e-dc80-4ef7-95f6-66da285df699,jordan delacruz
dc0c512c-82fb-49cc-ad27-bcd6fbae7b30,372147ba-4c68-41fd-a960-918c4d6e089d,1fb1d502-316a-4eb6-9854-82ddccbf554a,0,0,2026-08-07 04:17:35.636705,,,kaisamedinag@gmail.com,Especialización de Data Analyst,STUDENT,4 EDICION |Power BI for Data Analyst,Power BI,4,3f787d87-3788-4375-a9c0-6cd6c28adc6c,junior candela
7028921b-296f-448f-8e58-0c63dc6e96ac,c8f38912-89d2-48e0-8dba-fb6bdcb5359a,177735de-789d-42e7-900c-5f0466dead78,0,0,2026-08-07 04:31:08.498166,,,merlinrojasa@gmail.com,Merlin Rojas Abanto,STUDENT,4 EDICION |Excel for Data Analyst,Excel for Data Analyst,4,67405dc6-1848-462f-b9f6-3c8dd43e9fec,daniel surichaque
f0d1a3c3-0c26-4d2a-b086-019cd2d49be9,c8f38912-89d2-48e0-8dba-fb6bdcb5359a,979c6644-aa02-4cdc-b001-abbba99add23,0,0,2026-08-07 04:31:12.188155,,,merlinrojasa@gmail.com,Merlin Rojas Abanto,STUDENT,4 EDICION |SQL para Data Analyst,SQL for Data Analyst,4,9d7e703e-dc80-4ef7-95f6-66da285df699,jordan delacruz
1a20d88d-4e80-4a64-8a7d-0f740467da35,c8f38912-89d2-48e0-8dba-fb6bdcb5359a,1fb1d502-316a-4eb6-9854-82ddccbf554a,0,0,2026-08-07 04:31:15.270715,,,merlinrojasa@gmail.com,Merlin Rojas Abanto,STUDENT,4 EDICION |Power BI for Data Analyst,Power BI,4,3f787d87-3788-4375-a9c0-6cd6c28adc6c,junior candela
37a6c1eb-d381-4ba5-a464-044cf75e3e20,c8f38912-89d2-48e0-8dba-fb6bdcb5359a,97d3266d-49ab-4d0b-9fd4-f5ceda23401e,0,0,2026-08-07 04:31:18.094034,,,merlinrojasa@gmail.com,Merlin Rojas Abanto,STUDENT,4TA EDICION| SQL Intermedio-Avanzado,SQL Intermedio-Avanzado,4,735eac2e-bc2e-4548-b4e4-7751cfdfd631,JHON CARLOS VELASQUE DURAND
5f65580e-28e0-4baa-91fb-435f98d7d36b,770af7f9-7dee-47b2-ad13-a7f328ee6af3,13fb3b78-8f36-427c-b4e0-de38b0e13619,0,0,2026-08-07 18:24:19.992438,,,anthonyjhoanpuentecarpio@gmail.com,Anthony Jhoan Puente Carpio,STUDENT,Edición 3 | SQL for Data Analyst,SQL for Data Analyst,3,a69513b4-f4f1-470e-bf71-2d4036543c19,Jhon Velasque
5479c2c4-8f21-4081-9e74-bb24cf91f84a,721c17e6-88c3-4524-a317-bd709cafc01d,13fb3b78-8f36-427c-b4e0-de38b0e13619,0,0,2026-08-07 18:27:03.615587,,,caparachindavid@gmail.com,David Julinho Caparachin Ricapa,STUDENT,Edición 3 | SQL for Data Analyst,SQL for Data Analyst,3,a69513b4-f4f1-470e-bf71-2d4036543c19,Jhon Velasque
7994197f-f3e9-4899-a238-21632e82aad0,721c17e6-88c3-4524-a317-bd709cafc01d,979c6644-aa02-4cdc-b001-abbba99add23,0,0,2026-08-07 18:27:16.226336,,,caparachindavid@gmail.com,David Julinho Caparachin Ricapa,STUDENT,4 EDICION |SQL para Data Analyst,SQL for Data Analyst,4,9d7e703e-dc80-4ef7-95f6-66da285df699,jordan delacruz
f69e1967-eaac-47cd-9c77-bda9c1ec8b92,f1fa282b-10d6-42b8-b8be-9512d0860d57,13fb3b78-8f36-427c-b4e0-de38b0e13619,0,0,2026-08-07 18:51:18.832191,,,1921110277@untels.edu.pe,Anthony Ernesto Rojas Avalos,STUDENT,Edición 3 | SQL for Data Analyst,SQL for Data Analyst,3,a69513b4-f4f1-470e-bf71-2d4036543c19,Jhon Velasque
d9150a19-1b89-4c01-9c64-2fc51abab44e,f1fa282b-10d6-42b8-b8be-9512d0860d57,979c6644-aa02-4cdc-b001-abbba99add23,0,0,2026-08-07 18:51:29.669067,,,1921110277@untels.edu.pe,Anthony Ernesto Rojas Avalos,STUDENT,4 EDICION |SQL para Data Analyst,SQL for Data Analyst,4,9d7e703e-dc80-4ef7-95f6-66da285df699,jordan delacruz
cab48438-8322-44c1-b1ea-4a682c2d2507,20cc36cc-4154-486d-9aca-550015a8e39a,979c6644-aa02-4cdc-b001-abbba99add23,13,1,2026-08-07 04:34:24.839214,,2026-08-08 00:38:45.341,richardesteban53@gmail.com,Richard Daniel Esteban Rojas,STUDENT,4 EDICION |SQL para Data Analyst,SQL for Data Analyst,4,9d7e703e-dc80-4ef7-95f6-66da285df699,jordan delacruz
c30cabe0-7a65-4e54-8cbd-bbbeceb6439d,99ad688c-a44e-48e9-b2ef-7c34528fa345,979c6644-aa02-4cdc-b001-abbba99add23,13,1,2026-08-08 21:10:46.261074,,2026-08-08 21:11:17.122,estudiante1@gmail.com,estudiante1 ,STUDENT,4 EDICION |SQL para Data Analyst,SQL for Data Analyst,4,9d7e703e-dc80-4ef7-95f6-66da285df699,jordan delacruz
cbc3d06b-a1b2-47fa-8e2c-4af72070ea27,372147ba-4c68-41fd-a960-918c4d6e089d,97d3266d-49ab-4d0b-9fd4-f5ceda23401e,25,2,2026-08-07 04:18:10.419707,,2026-08-09 02:05:57.781,kaisamedinag@gmail.com,Especialización de Data Analyst,STUDENT,4TA EDICION| SQL Intermedio-Avanzado,SQL Intermedio-Avanzado,4,735eac2e-bc2e-4548-b4e4-7751cfdfd631,JHON CARLOS VELASQUE DURAND
33b306dd-4164-4951-9f75-4cac8e90a6de,2ba56c92-a4ab-427c-b812-30e288e59ca8,177735de-789d-42e7-900c-5f0466dead78,0,0,2026-08-10 14:08:10.640471,,,cusidiego291@gmail.com,Diego Oswaldo Cusi Ccaihuari,STUDENT,4 EDICION |Excel for Data Analyst,Excel for Data Analyst,4,67405dc6-1848-462f-b9f6-3c8dd43e9fec,daniel surichaque
8cac1529-81da-4cb9-bbf7-461d5bd3d2e2,82c09bb3-0f53-4050-af19-949f82217d26,177735de-789d-42e7-900c-5f0466dead78,25,2,2026-08-02 05:20:29.182543,,2026-08-11 00:59:00.267,aldanap.sebastian@gmail.com,Sebastian Aldana Pachas,STUDENT,4 EDICION |Excel for Data Analyst,Excel for Data Analyst,4,67405dc6-1848-462f-b9f6-3c8dd43e9fec,daniel surichaque
6dfd8955-41d4-423a-98f5-b6e4455cba76,15b8554b-0097-4325-ac9c-6d5b8fa72a04,177735de-789d-42e7-900c-5f0466dead78,25,2,2026-08-04 02:34:33.104438,,2026-08-11 01:41:59.429,dnjarmass@gmail.com,DAMARIS NAJAR MASS,STUDENT,4 EDICION |Excel for Data Analyst,Excel for Data Analyst,4,67405dc6-1848-462f-b9f6-3c8dd43e9fec,daniel surichaque
172d84e2-01b7-4cbf-b5d4-c5e7b17eb451,2a982085-c8cb-491e-9872-4647bd714cef,97d3266d-49ab-4d0b-9fd4-f5ceda23401e,0,0,2026-08-14 14:19:10.812277,,,nathyraez@gmail.com,Nathaly Rossy Raez Chirinos,STUDENT,4TA EDICION| SQL Intermedio-Avanzado,SQL Intermedio-Avanzado,4,735eac2e-bc2e-4548-b4e4-7751cfdfd631,JHON CARLOS VELASQUE DURAND
bf13afa7-29c4-47c1-ac64-83a456eb6b9a,770af7f9-7dee-47b2-ad13-a7f328ee6af3,979c6644-aa02-4cdc-b001-abbba99add23,50,4,2026-08-07 18:24:40.473556,,2026-08-17 01:26:11.308,anthonyjhoanpuentecarpio@gmail.com,Anthony Jhoan Puente Carpio,STUDENT,4 EDICION |SQL para Data Analyst,SQL for Data Analyst,4,9d7e703e-dc80-4ef7-95f6-66da285df699,jordan delacruz
5b2aa395-d6ef-4eb5-8dfc-0829bfec203a,ddaa0bc5-e158-47d0-a5a6-cb59c7287a1d,1fb1d502-316a-4eb6-9854-82ddccbf554a,25,2,2026-08-06 02:02:18.990531,,2026-08-18 12:26:59.603,nevermind.v4n@gmail.com,Vanessa Hualpa Baylon,STUDENT,4 EDICION |Power BI for Data Analyst,Power BI,4,3f787d87-3788-4375-a9c0-6cd6c28adc6c,junior candela
ae5e9fdd-2efb-4afa-b2e7-151361256ea5,ca3747a2-3063-4a46-8310-245afeb2e492,177735de-789d-42e7-900c-5f0466dead78,38,3,2026-07-29 04:11:40.382680,,2026-08-19 23:19:53.003,alanrauljq17@gmail.com,Alan Raul Jiménez Quispe,STUDENT,4 EDICION |Excel for Data Analyst,Excel for Data Analyst,4,67405dc6-1848-462f-b9f6-3c8dd43e9fec,daniel surichaque
3d0e23c4-5e29-455f-92e5-01f47eacc0c6,99ad688c-a44e-48e9-b2ef-7c34528fa345,97d3266d-49ab-4d0b-9fd4-f5ceda23401e,0,0,2026-08-07 00:53:33.427255,,,estudiante1@gmail.com,estudiante1 ,STUDENT,4TA EDICION| SQL Intermedio-Avanzado,SQL Intermedio-Avanzado,4,735eac2e-bc2e-4548-b4e4-7751cfdfd631,JHON CARLOS VELASQUE DURAND
