COD_AGENCIA,ZONA,AGENCIA
0101,LIMA CENTRO,CAMANA              
0102,LIMA OESTE,CALLAO              
0103,LIMA CENTRO,CAPON               
0105,LIMA ESTE,RIMAC               
0106,LIMA MODERNA,EL REMANSO          
0107,LIMA OESTE,FAUCETT             
0108,LIMA CENTRO,BREÑA               
0109,LIMA MODERNA,LA MOLINA           
0110,LIMA CENTRO,VENEZUELA 1         
0111,LIMA NORTE,LOS OLIVOS          
0112,LIMA CENTRO,MEXICO              
0113,LIMA NORTE,INGENIERIA          
0114,LIMA SUR,BARRANCO            
0115,LIMA CENTRO,LA VICTORIA         
0116,LIMA NORTE,COMAS               
0117,LIMA MODERNA,LARCO-TARATA        
0118,LIMA CENTRO,BOLIVAR             
0119,LIMA MODERNA,SAN ANTONIO         
0120,LIMA OESTE,UNIVERSIDAD CATOLICA
0121,LIMA SUR,CLUB REGATAS LIMA   
0122,LIMA OESTE,MAGDALENA           
0123,LIMA MODERNA,CAMINO REAL         
0124,LIMA CENTRO,PARINACOCHAS        
0125,LIMA SUR,CHORRILLOS          
0126,LIMA CENTRO,LA COLMENA          
0127,LIMA OESTE,MINKA               
0128,LIMA ESTE,LAS FLORES          
0129,LIMA ESTE,VITARTE             
0130,LIMA CENTRO,LIMA                
0131,LIMA CENTRO,NICOLAS ARRIOLA 1   
0132,LIMA CENTRO,VENEZUELA 2         
0133,LIMA SUR,VILLA MA.DEL TRIUNFO
0135,LIMA SUR,SAN JUAN MIRAFLORES 
0136,LIMA ESTE,SALAMANCA           
0137,LIMA SUR,VILLA MARINA        
0138,LIMA MODERNA,C.C. AURORA         
0139,LIMA ESTE,ZARATE              
0140,LIMA CENTRO,JESUS MARIA         
0141,LIMA NORTE,PERU
0142,LIMA MODERNA,C.C. SAN ISIDRO     
0143,LIMA NORTE,V.A.BELAUNDE        
0144,LIMA CENTRO,GAMARRA             
0145,LIMA MODERNA,RINCONADA           
0146,LIMA ESTE,CERES               
0147,LIMA CENTRO,ARENALES            
0148,LIMA CENTRO,C.C. SUCRE          
0149,LIMA MODERNA,SURQUILLO           
0150,LIMA MODERNA,HIGUERETA           
0151,LIMA OESTE,MARANGA             
0152,LIMA MODERNA,SAN BORJA           
0153,LIMA CENTRO,C.C. RISSO          
0155,LIMA ESTE,CARRETERA CENTRAL   
0156,LIMA MODERNA,PARDO               
0157,LIMA SUR,C.C. LAS GARDENIAS  
0160,LIMA MODERNA,C.C. MONTERRICO     
0161,LIMA CENTRO,LINCE               
0162,LIMA OESTE,AEROPUERTO          
0163,LIMA CENTRO,APOLO               
0164,LIMA CENTRO,VENEZUELA 3         
0165,LIMA OESTE,BASE NAVAL          
0166,LIMA OESTE,COLONIAL            
0167,LIMA CENTRO,PLAZA BOLOGNESI     
0168,LIMA OESTE,REPSOL              
0169,LIMA MODERNA,COMANDANTE ESPINAR  
0170,LIMA CENTRO,AV. SUCRE           
0171,LIMA MODERNA,LOS ROSALES         
0172,LIMA NORTE,FIORI               
0174,LIMA NORTE,MEGA PLAZA          
0175,LIMA CENTRO,REAL PZ.CTRO.CIVICO 
0176,LIMA NORTE,EL TREBOL           
0177,LIMA ESTE,SAMUEL DE ALCAZAR   
0178,LIMA MODERNA,CAMACHO             
0179,LIMA MODERNA,CAVENECIA           
0180,LIMA CENTRO,MERCADO RISSO       
0181,LIMA MODERNA,REPUBLICA DE PANAMA 
0182,LIMA MODERNA,SANTA MONICA        
0183,LIMA ESTE,SANTA ANITA         
0184,LIMA CENTRO,SAN FELIPE          
0185,LIMA MODERNA,TOMAS MARSANO       
0186,LIMA MODERNA,C.C. SAN BORJA      
0187,LIMA MODERNA,ARAMBURU            
0188,LIMA MODERNA,LA ENCALADA         
0189,LIMA CENTRO,DOS DE MAYO         
0190,LIMA OESTE,C.C. SAN MIGUEL     
0191,LIMA MODERNA,CORPAC              
0192,LIMA OESTE,BELLAVISTA          
0193,LIMA OESTE,LA PERLA            
0194,LIMA MODERNA,CHACARILLA          
0195,LIMA MODERNA,CUARTEL GENERAL     
0196,LIMA NORTE,SAN MARTIN DE PORRES
0197,LIMA CENTRO,NICOLAS ARRIOLA 2   
0199,ADMINISTRATIVA,ADMINISTRATIVA
0200,PROVINCIA SUR,CUSCO               
0201,PROVINCIA SUR,WANCHAQ             
0202,PROVINCIA SUR,AYACUCHO            
0203,PROVINCIA SUR,SAN MARTIN - ICA    
0204,EMPRESA,EMPRESA
0205,PROVINCIA SUR,TINTAYA             
0210,PROVINCIA CENTRO ORIENTE,HUANUCO             
0211,PROVINCIA SUR,CAÑETE              
0215,PROVINCIA SUR,CHINCHA             
0216,PROVINCIA NORTE,OPEN PLAZA CHICLAYO 
0218,PROVINCIA SUR,QUILLABAMBA         
0220,PROVINCIA SUR,AREQUIPA            
0221,PROVINCIA SUR,SAN CAMILO          
0222,PROVINCIA SUR,MIRAFLORES - AQP    
0223,PROVINCIA SUR,CAYMA               
0225,PROVINCIA SUR,CAMANA-AREQUIPA     
0226,PROVINCIA SUR,PARQUE INDUSTRIAL   
0227,PROVINCIA NORTE,LLACUABAMBA         
0228,PROVINCIA SUR,JULIACA             
0229,PROVINCIA SUR,PUNO                
0231,PROVINCIA SUR,ILO                 
0232,PROVINCIA SUR,TACNA               
0233,PROVINCIA CENTRO ORIENTE,7 DE JUNIO          
0234,LIMA SUR,PQUE IND SALVADOR   
0235,PROVINCIA CENTRO ORIENTE,HUANCAYO            
0236,PROVINCIA CENTRO ORIENTE,LA OROYA            
0237,PROVINCIA CENTRO ORIENTE,EL TAMBO            
0238,PROVINCIA CENTRO ORIENTE,LA MERCED           
0239,EMPRESA,EMPRESA
0240,PROVINCIA SUR,ICA                 
0241,PROVINCIA SUR,PISCO               
0242,LIMA CENTRO,DAMERO GAMARRA      
0244,LIMA CENTRO,ESPECIAL GAMARRA    
0245,PROVINCIA NORTE,MIRAFLORES-PIURA    
0246,PROVINCIA NORTE,HUSARES DE JUNIN    
0247,PROVINCIA NORTE,CHEPEN              
0248,PROVINCIA NORTE,EL QUINDE           
0249,PROVINCIA NORTE,TRUJILLO            
0250,PROVINCIA NORTE,PRIMAVERA           
0251,PROVINCIA NORTE,MCDO. MAYOR.TRUJILLO
0252,LIMA OESTE,MALL AVEN.PLZ CALLAO
0253,LIMA NORTE,REAL PLAZA PRO      
0254,PROVINCIA NORTE,LARCO-TRUJILLO      
0256,LIMA ESTE,EL MURO             
0257,LIMA ESTE,GRAN CHIMU          
0258,PROVINCIA SUR,LARAPA              
0259,LIMA OESTE,C.C. CANTA CALLAO   
0260,PROVINCIA CENTRO ORIENTE,HUARAZ ANCASH       
0261,LIMA SUR,C.C. ATOCONGO       
0262,LIMA MODERNA,LA PLANICIE         
0263,PROVINCIA SUR,PUERTO MALDONADO    
0264,PROVINCIA CENTRO ORIENTE,CONTENEDOR CHANCAY  
0265,PROVINCIA NORTE,TUMBES              
0266,PROVINCIA CENTRO ORIENTE,C.C. REAL PLAZA HYO 
0267,PROVINCIA NORTE,PIURA               
0268,PROVINCIA NORTE,MCDO.MODELO DE PIURA
0269,LIMA ESTE,EL AGUSTINO         
0270,PROVINCIA NORTE,TALARA              
0271,PROVINCIA NORTE,PAITA               
0273,PROVINCIA CENTRO ORIENTE,HUARAL              
0274,PROVINCIA NORTE,SULLANA             
0275,PROVINCIA CENTRO ORIENTE,HUACHO              
0276,PROVINCIA CENTRO ORIENTE,BARRANCA            
0277,PROVINCIA NORTE,CAJAMARCA           
0278,EMPRESA,EMPRESA
0279,EMPRESA,EMPRESA
0280,EMPRESA,EMPRESA
0281,PROVINCIA NORTE,JAEN                
0282,LIMA OESTE,OVALO 200 MILLAS    
0283,LIMA CENTRO,CC CYBER PLAZA      
0284,LIMA NORTE,PLAZA LIMA NORTE    
0285,PROVINCIA NORTE,CHICLAYO            
0287,PROVINCIA NORTE,MCDO.MODELO CHICLAYO
0288,PROVINCIA NORTE,MOSHOQUEQUE         
0291,PROVINCIA NORTE,PACASMAYO           
0295,PROVINCIA NORTE,CHIMBOTE            
0297,PROVINCIA NORTE,MCDO.MODELO CHIMBOTE
0299,PROVINCIA CENTRO ORIENTE,BELLAVISTA-SN MARTIN
0301,PROVINCIA CENTRO ORIENTE,IQUITOS             
0304,PROVINCIA CENTRO ORIENTE,BELEN               
0305,EMPRESA,EMPRESA
0306,PROVINCIA CENTRO ORIENTE,PUCALLPA            
0307,EMPRESA,EMPRESA
0310,PROVINCIA CENTRO ORIENTE,TARAPOTO            
0311,EMPRESA,EMPRESA
0312,LIMA NORTE,PRO                 
0314,PROVINCIA CENTRO ORIENTE,MOYOBAMBA           
0315,LIMA ESTE,BACKUS              
0316,LIMA NORTE,PUENTE PIEDRA       
0317,LIMA SUR,LIMA PLAZA SUR      
0318,PROVINCIA CENTRO ORIENTE,TINGO MARIA         
0319,LIMA NORTE,IZAGUIRRE           
0320,LIMA CENTRO,ESSALUD             
0321,PROVINCIA CENTRO ORIENTE,CERRO DE PASCO      
0322,LIMA ESTE,CANTO GRANDE        
0323,LIMA SUR,VILLA EL SALVADOR   
0324,PROVINCIA CENTRO ORIENTE,YURIMAGUAS          
0327,PROVINCIA CENTRO ORIENTE,JUANJUI             
0328,LIMA MODERNA,EL POLO             
0331,LIMA CENTRO,HOSPITAL ALMENARA   
0332,LIMA ESTE,MCDO.PROD. STA ANITA
0333,LIMA MODERNA,MIRAFLORES          
0335,LIMA ESTE,EL PINO             
0338,LIMA SUR,VARGAS MACHUCA      
0339,LIMA OESTE,VENTANILLA          
0340,LIMA CENTRO,GAMARRA         
0341,LIMA ESTE,CANADA LA ROSA TORO 
0342,LIMA NORTE,MULTIPLAZA          
0343,LIMA NORTE,MEGA PLAZA 2        
0344,LIMA OESTE,BIENESTAR MARINA    
0345,LIMA ESTE,CHOSICA             
0346,LIMA CENTRO,PARURO              
0347,EMPRESA,EMPRESA
0348,PROVINCIA NORTE,REAL PLAZA CHICLAYO 
0349,EMPRESA,EMPRESA
0350,EMPRESA,EMPRESA
0351,LIMA CENTRO,RIVERA NAVARRETE    
0352,LIMA MODERNA,LAS TIENDAS         
0353,LIMA CENTRO,DOMINGO CUETO       
0354,LIMA MODERNA,LAS BEGONIAS        
0355,LIMA MODERNA,AVIACION            
0356,LIMA CENTRO,PETIT THOUARS       
0357,LIMA CENTRO,ORRANTIA            
0358,LIMA MODERNA,SAN LUIS            
0359,LIMA CENTRO,AV. CENTRAL         
0360,LIMA MODERNA,JOCKEY PLAZA        
0361,LIMA CENTRO, CONGRESO    
0362,EMPRESA,EMPRESA
0364,LIMA MODERNA,BASADRE             
0366,LIMA MODERNA,CONQUISTADORES      
0367,LIMA MODERNA,BENAVIDES           
0368,LIMA MODERNA,RICARDO PALMA       
0369,LIMA MODERNA,EL OLIVAR           
0370,LIMA MODERNA,LIMATAMBO           
0372,LIMA CENTRO,LOS ROBLES          
0377,EMPRESA,EMPRESA
0378,EMPRESA,EMPRESA
0379,LIMA ESTE,AMBEV               
0380,EMPRESA,EMPRESA
0381,LIMA OESTE,ENAPU               
0383,LIMA OESTE,FAUCETT 2           
0384,EMPRESA,EMPRESA
0385,LIMA CENTRO,NESTLÉ-D-ONOFRIO    
0387,LIMA MODERNA,CANAVAL MOREYRA     
0388,LIMA OESTE,NEPTUNIA            
0393,ADMINISTRATIVA,ADMINISTRATIVA
0396,LIMA NORTE,COVIDA              
0408,ADMINISTRATIVA,ADMINISTRATIVA
0426,LIMA MODERNA,AV DEL EJERCITO     
0427,PROVINCIA SUR,BOLOGNESI           
0431,LIMA CENTRO,AVENIDA AREQUIPA    
0440,ADMINISTRATIVA,ADMINISTRATIVA
0469,MERCADOS,MERCADOS
0480,LIMA OESTE,LA MARINA           
0482,LIMA CENTRO,PLAZA UNION         
0484,LIMA ESTE,HUAYCAN             
0486,LIMA MODERNA,BEGONIAS
0508,LIMA MODERNA,ANGAMOS OPEN PLAZA  
0554,PROVINCIA NORTE,OPEN PLAZA PIURA    
0564,LIMA SUR,PLAZA BUTTERS       
0565,LIMA ESTE,SAN HILARION        
0586,INVERSIONES,INVERSIONES
0603,INVERSIONES,INVERSIONES
0627,LIMA ESTE,SEDAPAL             
0660,CENTRO NEGOCIOS,BANCA PATRIMONIAL   
0661,EMPRESA,EMPRESA
0701,ADMINISTRATIVA,ADMINISTRATIVA
0706,CENTRO NEGOCIOS,ADMINISTRATIVA
0708,MERCADOS,MERCADOS
0713,LIMA MODERNA,CAMINOS DEL INCA    
0717,PROVINCIA SUR,J.L.BUSTAMANTE Y RIV
0729,LIMA SUR,JOSE GALVEZ         
0732,LIMA CENTRO,SALAVERRY           
0733,LIMA NORTE,PALAO               
0747,LIMA NORTE,COLLIQUE            
0749,LIMA SUR,PROSEGUR            
0750,LIMA ESTE,SANTA CLARA
0751,LIMA SUR,EL TRIGAL
0753,PROVINCIA SUR,MINERA TITAN        
0763,PROVINCIA SUR,EL PEDREGAL         
0764,PROVINCIA SUR,MALL AVENT. PLZ AQP 
0781,ADMINISTRATIVA,ADMINISTRATIVA
0785,ADMINISTRATIVA,ADMINISTRATIVA
0787,LIMA MODERNA,MONTEGRANDE         
0792,LIMA CENTRO,NACIONES UNIDAS     
0796,PROVINCIA NORTE,METRO SANTA ELENA   
0824,ADMINISTRATIVA,ADMINISTRATIVA
0831,ADMINISTRATIVA,ADMINISTRATIVA
0850,ADMINISTRATIVA,ADMINISTRATIVA
0864,ADMINISTRATIVA,ADMINISTRATIVA
0870,PROVINCIA SUR,PARQUE LAMBRAMANI   
0872,LIMA SUR,PARQUE DE LA AMISTAD
0900,PROVINCIA NORTE,MALL PLAZA TRUJILLO 
0910,EMPRESA,EMPRESA
0918,PROVINCIA NORTE,REAL PLAZA TRUJILLO 
0921,LIMA OESTE,LIMA CARGO CITY     
0933,LIMA SUR,LURIN               
0955,MERCADOS,MERCADOS
0970,LIMA NORTE,NARANJAL            
AGENCIA,,
