COD_SEGMENTO,SEGMENTO,TIPO_SEGMENTO
211011,EMPRESAS,CORPORATIVO 1
211022,EMPRESAS,CORPORATIVO 2
222011,EMPRESAS,ESTATALES 1
222022,EMPRESAS,ESTATALES 2
222033,EMPRESAS,INSTITUCIONES 1
222044,EMPRESAS,INSTITUCIONES 2
222055,EMPRESAS,INSTITUCIONES 3
222066,EMPRESAS,INSTITUCIONES 4
233011,EMPRESAS,EMPRESA TOP 
233022,EMPRESAS,EMPRESA MED 1
233044,EMPRESAS,EMPRESA MED 2
233066,EMPRESAS,EMPRESA LOW
255011,EMPRESAS,PYMES 1
255022,EMPRESAS,PYMES 2
255033,EMPRESAS,PYMES 3
255044,EMPRESAS,PYMES 4
255066,EMPRESAS,PYMES 5
266000,PERSONAS,BANCA EMPRESARIO 1
266011,PERSONAS,BANCA EMPRESARIO 2
266022,PERSONAS,BANCA EMPRESARIO 3
266033,PERSONAS,BANCA EMPRESARIO 4
266044,PERSONAS,BANCA EMPRESARIO 5
266066,PERSONAS,BANCA EMPRESARIO 6
288011,PERSONAS,BANCA PREMIUM ORO
288022,PERSONAS,BANCA PREMIUM PLATA
288111,PERSONAS,BANCA VIP
288211,PERSONAS,BANCA EXCLUSIVA 1
288222,PERSONAS,BANCA EXCLUSIVA 2
288233,PERSONAS,BANCA EXCLUSIVA 3
288244,PERSONAS,BANCA EXCLUSIVA 4
288311,PERSONAS,BANCA CLASICA 1
288322,PERSONAS,BANCA CLASICA 2
288411,PERSONAS,BANCA RED 1
288422,PERSONAS,BANCA RED 2
288511,PERSONAS,BANCA RED 3
288600,PERSONAS,BANCA BAJO VALOR 1
288611,PERSONAS,BANCA BAJO VALOR 2
288622,PERSONAS,BANCA BAJO VALOR 3
288633,PERSONAS,BANCA BAJO VALOR 4
288644,PERSONAS,BANCA BAJO VALOR 5
288655,PERSONAS,BANCA BAJO VALOR 6
288666,PERSONAS,BANCA BAJO VALOR 7
288711,PERSONAS,BANCA BAJO VALOR 8
