id_venta;fecha;id_cliente;id_producto;cantidad;precio_unitario;descuento_pct;importe;ciudad;canal
V0405;2025-08-24;C010;P01;5;3200,0;5;15200,0;Cusco;TELEFONO
V0245;2025-08-10;C002;P01;2;3200,0;5;6080,0;Chiclayo;TIENDA
V0314;2025-08-05;C007;P08;2;640,0;0;1280,0;Piura; Web 
V0225;2025-08-24;C011;P01;3;3200,0;0;9600,0;Lima;WEB
V0342;2025-08-24;C013;P08;4;640,0;0;2560,0;Piura; Tienda 
V0387;2025-08-16;C004;P03;3;120,0;0;360,0;Cusco;tienda
V0107;2025-08-16;C009;P07;3;180,0;0;540,0;Lima;TIENDA
V0181;2025-08-15;C016;P06;4;950,0;10;3420,0;Lima; Web 
V0159;03/08/2025;C015;P06;3;950,0;15;2422,5;Chiclayo;telefono
V0022;2025-08-19;C001;P03;2;120,0;0;240,0;Piura;Telefono
V0448;2025-08-03;C008;P03;1;120,0;0;120,0;Trujillo;Web
V0077;26/08/2025;C005;P02;1;780,0;0;780,0;Lima;Telefono
V0009;2025-08-25;C016;P02;3;780,0;15;1989,0;Chiclayo;Telefono
V0002;2025-08-30;C004;P02;1;780,0;0;780,0;Arequipa;telefono
V0353;20/08/2025;C018;P04;5;65,0;15;276,25;Chiclayo;Telefono
V0370;2025-08-12;C014;P04;5;65,0;0;325,0;Arequipa;telefono
V0069;2025-08-02;C003;P02;6;780,0;10;4212,0;Lima; Tienda 
V0144;2025-08-23;C006;P06;6;950,0;10;5130,0;Chiclayo;WEB
V0083;2025-08-07;C016;P08;3;640,0;5;1824,0;Arequipa;web
V0421;03/08/2025;C006;P04;2;65,0;5;123,5;Chiclayo;TIENDA
V0213;2025-08-29;C013;P01;2;3200,0;0;6400,0;Arequipa;Telefono
V0273;27/08/2025;C004;P07;3;180,0;15;459,0;Piura;TELEFONO
V0168;2025-08-29;C018;P05;4;210,0;5;798,0;Arequipa;Telefono
V0345;2025-08-30;C014;P05;5;210,0;0;1050,0;Piura;TIENDA
V0195;26/08/2025;C010;P03;3;120,0;0;360,0;Trujillo; Web 
V0026;17/08/2025;C001;P03;1;120,0;0;120,0;Piura;tienda
V0205;2025-08-21;C010;P06;3;950,0;15;2422,5;Lima;TELEFONO
V0455;2025-08-29;C018;P02;5;780,0;10;3510,0;Trujillo;TELEFONO
V0060;2025-08-12;C018;P02;5;780,0;5;3705,0;Chiclayo;tienda
V0364;2025-08-12;C015;P01;6;3200,0;15;16320,0;Chiclayo;Telefono
V0111;2025-08-10;C011;P05;6;210,0;0;1260,0;Cusco;TIENDA
V0128;2025-08-28;C007;P02;4;780,0;0;3120,0;Piura;WEB
V0140;2025-08-20;C005;P04;5;65,0;0;325,0;Lima;tienda
V0375;12/08/2025;C013;P07;2;180,0;0;360,0;Cusco; Telefono 
V0251;2025-08-04;C003;P02;5;780,0;5;3705,0;Chiclayo;TELEFONO
V0117;2025-08-03;C006;P05;2;210,0;15;357,0;Lima; Telefono 
V0059;01/08/2025;C007;P05;3;210,0;0;630,0;Chiclayo;TIENDA
V0134;2025-08-18;C003;P08;3;640,0;0;1920,0;Piura;telefono
V0082;2025-08-10;C008;P03;1;120,0;5;114,0;Arequipa;Tienda
V0401;2025-08-30;C018;P03;6;120,0;15;612,0;Chiclayo;telefono
V0308;2025-08-06;C018;P02;2;780,0;0;1560,0;Piura;TELEFONO
V0206;17/08/2025;C003;P03;3;120,0;10;324,0;Lima; Tienda 
V0279;2025-08-12;C011;P08;6;640,0;15;3264,0;Cusco; Telefono 
V0335;2025-08-09;C002;P03;6;120,0;5;684,0;Chiclayo;Web
V0100;31/08/2025;C011;P02;2;780,0;0;1560,0;Chiclayo;Telefono
V0165;2025-08-07;C009;P01;2;3200,0;5;6080,0;Trujillo;TELEFONO
V0333;2025-08-16;C003;P06;4;950,0;0;3800,0;Arequipa; Telefono 
V0367;2025-08-22;C011;P01;5;3200,0;5;15200,0;Piura; Telefono 
